inventory_id,source,category,subcategory,title,volume,part,document_type,language,date,url,file_url,source_page,availability,rights_status,retrieval_method,ingested,document_id,notes,local_path
DAF_VOL_01,Dr. Ambedkar Foundation,Writings & Speeches,English Volumes,Dr. Babasaheb Ambedkar: Writings and Speeches Vol. 1,01,,Writings and Speeches Volume,English,1979-2003,https://www.drambedkarwritings.gov.in/content/writings-and-speeches.php,https://www.drambedkarwritings.gov.in/upload/uploadfiles/files/Volume_01.pdf,https://www.drambedkarwritings.gov.in/content/writings-and-speeches.php,AVAILABLE,review_required,BROWSER_AUTOMATED,YES,,"Downloaded 6338438 bytes, SHA-256: 2fe95015ebd3",C:\Users\devan\Desktop\Dr Ambedkar\data\originals\ambedkar_foundation\volumes\Volume_01.pdf
DAF_VOL_02,Dr. Ambedkar Foundation,Writings & Speeches,English Volumes,Dr. Babasaheb Ambedkar: Writings and Speeches Vol. 2,02,,Writings and Speeches Volume,English,1979-2003,https://www.drambedkarwritings.gov.in/content/writings-and-speeches.php,https://www.drambedkarwritings.gov.in/upload/uploadfiles/files/Volume_02.pdf,https://www.drambedkarwritings.gov.in/content/writings-and-speeches.php,AVAILABLE,review_required,BROWSER_AUTOMATED,YES,,"Downloaded 8593487 bytes, SHA-256: 0a260057245d",C:\Users\devan\Desktop\Dr Ambedkar\data\originals\ambedkar_foundation\volumes\Volume_02.pdf
DAF_VOL_03,Dr. Ambedkar Foundation,Writings & Speeches,English Volumes,Dr. Babasaheb Ambedkar: Writings and Speeches Vol. 3,03,,Writings and Speeches Volume,English,1979-2003,https://www.drambedkarwritings.gov.in/content/writings-and-speeches.php,https://www.drambedkarwritings.gov.in/upload/uploadfiles/files/Volume_03.pdf,https://www.drambedkarwritings.gov.in/content/writings-and-speeches.php,AVAILABLE,review_required,BROWSER_AUTOMATED,YES,,"Downloaded 6326025 bytes, SHA-256: f33b4e43aa6b",C:\Users\devan\Desktop\Dr Ambedkar\data\originals\ambedkar_foundation\volumes\Volume_03.pdf
DAF_VOL_04,Dr. Ambedkar Foundation,Writings & Speeches,English Volumes,Dr. Babasaheb Ambedkar: Writings and Speeches Vol. 4,04,,Writings and Speeches Volume,English,1979-2003,https://www.drambedkarwritings.gov.in/content/writings-and-speeches.php,https://www.drambedkarwritings.gov.in/upload/uploadfiles/files/Volume_04.pdf,https://www.drambedkarwritings.gov.in/content/writings-and-speeches.php,AVAILABLE,review_required,BROWSER_AUTOMATED,YES,,"Downloaded 5821318 bytes, SHA-256: 8b63c35b6f26",C:\Users\devan\Desktop\Dr Ambedkar\data\originals\ambedkar_foundation\volumes\Volume_04.pdf
DAF_VOL_05,Dr. Ambedkar Foundation,Writings & Speeches,English Volumes,Dr. Babasaheb Ambedkar: Writings and Speeches Vol. 5,05,,Writings and Speeches Volume,English,1979-2003,https://www.drambedkarwritings.gov.in/content/writings-and-speeches.php,https://www.drambedkarwritings.gov.in/upload/uploadfiles/files/Volume_05.pdf,https://www.drambedkarwritings.gov.in/content/writings-and-speeches.php,AVAILABLE,review_required,BROWSER_AUTOMATED,YES,,"Downloaded 6809600 bytes, SHA-256: a595c55792bc",C:\Users\devan\Desktop\Dr Ambedkar\data\originals\ambedkar_foundation\volumes\Volume_05.pdf
DAF_VOL_06,Dr. Ambedkar Foundation,Writings & Speeches,English Volumes,Dr. Babasaheb Ambedkar: Writings and Speeches Vol. 6,06,,Writings and Speeches Volume,English,1979-2003,https://www.drambedkarwritings.gov.in/content/writings-and-speeches.php,https://www.drambedkarwritings.gov.in/upload/uploadfiles/files/Volume_06.pdf,https://www.drambedkarwritings.gov.in/content/writings-and-speeches.php,AVAILABLE,review_required,BROWSER_AUTOMATED,YES,,"Downloaded 8493097 bytes, SHA-256: 477f846d6d31",C:\Users\devan\Desktop\Dr Ambedkar\data\originals\ambedkar_foundation\volumes\Volume_06.pdf
DAF_VOL_07,Dr. Ambedkar Foundation,Writings & Speeches,English Volumes,Dr. Babasaheb Ambedkar: Writings and Speeches Vol. 7,07,,Writings and Speeches Volume,English,1979-2003,https://www.drambedkarwritings.gov.in/content/writings-and-speeches.php,https://www.drambedkarwritings.gov.in/upload/uploadfiles/files/Volume_07.pdf,https://www.drambedkarwritings.gov.in/content/writings-and-speeches.php,AVAILABLE,review_required,BROWSER_AUTOMATED,YES,,"Downloaded 5156203 bytes, SHA-256: ae2eb4709815",C:\Users\devan\Desktop\Dr Ambedkar\data\originals\ambedkar_foundation\volumes\Volume_07.pdf
DAF_VOL_08,Dr. Ambedkar Foundation,Writings & Speeches,English Volumes,Dr. Babasaheb Ambedkar: Writings and Speeches Vol. 8,08,,Writings and Speeches Volume,English,1979-2003,https://www.drambedkarwritings.gov.in/content/writings-and-speeches.php,https://www.drambedkarwritings.gov.in/upload/uploadfiles/files/Volume_08.pdf,https://www.drambedkarwritings.gov.in/content/writings-and-speeches.php,AVAILABLE,review_required,BROWSER_AUTOMATED,YES,,"Downloaded 8022548 bytes, SHA-256: 513ae573589c",C:\Users\devan\Desktop\Dr Ambedkar\data\originals\ambedkar_foundation\volumes\Volume_08.pdf
DAF_VOL_09,Dr. Ambedkar Foundation,Writings & Speeches,English Volumes,Dr. Babasaheb Ambedkar: Writings and Speeches Vol. 9,09,,Writings and Speeches Volume,English,1979-2003,https://www.drambedkarwritings.gov.in/content/writings-and-speeches.php,https://www.drambedkarwritings.gov.in/upload/uploadfiles/files/Volume_09.pdf,https://www.drambedkarwritings.gov.in/content/writings-and-speeches.php,AVAILABLE,review_required,BROWSER_AUTOMATED,YES,,"Downloaded 6612477 bytes, SHA-256: 4d7599b3f702",C:\Users\devan\Desktop\Dr Ambedkar\data\originals\ambedkar_foundation\volumes\Volume_09.pdf
DAF_VOL_10,Dr. Ambedkar Foundation,Writings & Speeches,English Volumes,Dr. Babasaheb Ambedkar: Writings and Speeches Vol. 10,10,,Writings and Speeches Volume,English,1979-2003,https://www.drambedkarwritings.gov.in/content/writings-and-speeches.php,https://www.drambedkarwritings.gov.in/upload/uploadfiles/files/Volume_10.pdf,https://www.drambedkarwritings.gov.in/content/writings-and-speeches.php,AVAILABLE,review_required,BROWSER_AUTOMATED,YES,,"Downloaded 4935593 bytes, SHA-256: 5fd99449a263",C:\Users\devan\Desktop\Dr Ambedkar\data\originals\ambedkar_foundation\volumes\Volume_10.pdf
DAF_VOL_11,Dr. Ambedkar Foundation,Writings & Speeches,English Volumes,Dr. Babasaheb Ambedkar: Writings and Speeches Vol. 11,11,,Writings and Speeches Volume,English,1979-2003,https://www.drambedkarwritings.gov.in/content/writings-and-speeches.php,https://www.drambedkarwritings.gov.in/upload/uploadfiles/files/Volume_11.pdf,https://www.drambedkarwritings.gov.in/content/writings-and-speeches.php,AVAILABLE,review_required,BROWSER_AUTOMATED,YES,,"Downloaded 8836333 bytes, SHA-256: 3e1df5544366",C:\Users\devan\Desktop\Dr Ambedkar\data\originals\ambedkar_foundation\volumes\Volume_11.pdf
DAF_VOL_12,Dr. Ambedkar Foundation,Writings & Speeches,English Volumes,Dr. Babasaheb Ambedkar: Writings and Speeches Vol. 12,12,,Writings and Speeches Volume,English,1979-2003,https://www.drambedkarwritings.gov.in/content/writings-and-speeches.php,https://www.drambedkarwritings.gov.in/upload/uploadfiles/files/Volume_12.pdf,https://www.drambedkarwritings.gov.in/content/writings-and-speeches.php,AVAILABLE,review_required,BROWSER_AUTOMATED,YES,,"Downloaded 10821208 bytes, SHA-256: af0b4977848a",C:\Users\devan\Desktop\Dr Ambedkar\data\originals\ambedkar_foundation\volumes\Volume_12.pdf
DAF_VOL_13,Dr. Ambedkar Foundation,Writings & Speeches,English Volumes,Dr. Babasaheb Ambedkar: Writings and Speeches Vol. 13,13,,Writings and Speeches Volume,English,1979-2003,https://www.drambedkarwritings.gov.in/content/writings-and-speeches.php,https://www.drambedkarwritings.gov.in/upload/uploadfiles/files/Volume_13.pdf,https://www.drambedkarwritings.gov.in/content/writings-and-speeches.php,AVAILABLE,review_required,BROWSER_AUTOMATED,YES,,"Downloaded 17473120 bytes, SHA-256: 7c968616eea0",C:\Users\devan\Desktop\Dr Ambedkar\data\originals\ambedkar_foundation\volumes\Volume_13.pdf
DAF_VOL_14,Dr. Ambedkar Foundation,Writings & Speeches,English Volumes,Dr. Babasaheb Ambedkar: Writings and Speeches Vol. 14,14,,Writings and Speeches Volume,English,1979-2003,https://www.drambedkarwritings.gov.in/content/writings-and-speeches.php,https://www.drambedkarwritings.gov.in/upload/uploadfiles/files/Volume_14_01.pdf,https://www.drambedkarwritings.gov.in/content/writings-and-speeches.php,AVAILABLE,review_required,BROWSER_AUTOMATED,YES,,"Downloaded 8913757 bytes, SHA-256: 871ae5e359ab",C:\Users\devan\Desktop\Dr Ambedkar\data\originals\ambedkar_foundation\volumes\Volume_14_01.pdf
DAF_VOL_15,Dr. Ambedkar Foundation,Writings & Speeches,English Volumes,Dr. Babasaheb Ambedkar: Writings and Speeches Vol. 15,15,,Writings and Speeches Volume,English,1979-2003,https://www.drambedkarwritings.gov.in/content/writings-and-speeches.php,https://www.drambedkarwritings.gov.in/upload/uploadfiles/files/Volume_15.pdf,https://www.drambedkarwritings.gov.in/content/writings-and-speeches.php,AVAILABLE,review_required,BROWSER_AUTOMATED,YES,,"Downloaded 10422643 bytes, SHA-256: 56fe3821a2f9",C:\Users\devan\Desktop\Dr Ambedkar\data\originals\ambedkar_foundation\volumes\Volume_15.pdf
DAF_VOL_16,Dr. Ambedkar Foundation,Writings & Speeches,English Volumes,Dr. Babasaheb Ambedkar: Writings and Speeches Vol. 16,16,,Writings and Speeches Volume,English,1979-2003,https://www.drambedkarwritings.gov.in/content/writings-and-speeches.php,https://www.drambedkarwritings.gov.in/upload/uploadfiles/files/Volume_16.pdf,https://www.drambedkarwritings.gov.in/content/writings-and-speeches.php,AVAILABLE,review_required,BROWSER_AUTOMATED,YES,,"Downloaded 11251120 bytes, SHA-256: 14f75c08e8ac",C:\Users\devan\Desktop\Dr Ambedkar\data\originals\ambedkar_foundation\volumes\Volume_16.pdf
DAF_VOL_17,Dr. Ambedkar Foundation,Writings & Speeches,English Volumes,Dr. Babasaheb Ambedkar: Writings and Speeches Vol. 17,17,,Writings and Speeches Volume,English,1979-2003,https://www.drambedkarwritings.gov.in/content/writings-and-speeches.php,https://www.drambedkarwritings.gov.in/upload/uploadfiles/files/Volume_17_01.pdf,https://www.drambedkarwritings.gov.in/content/writings-and-speeches.php,AVAILABLE,review_required,BROWSER_AUTOMATED,YES,,"Downloaded 11295131 bytes, SHA-256: 8b502449ae39",C:\Users\devan\Desktop\Dr Ambedkar\data\originals\ambedkar_foundation\volumes\Volume_17_01.pdf
DAF_VOL_18,Dr. Ambedkar Foundation,Writings & Speeches,English Volumes,Dr. Babasaheb Ambedkar: Writings and Speeches Vol. 18,18,,Writings and Speeches Volume,English,1979-2003,https://www.drambedkarwritings.gov.in/content/writings-and-speeches.php,https://www.drambedkarwritings.gov.in/upload/uploadfiles/files/Volume_18.pdf,https://www.drambedkarwritings.gov.in/content/writings-and-speeches.php,CATALOG_ONLY,review_required,CATALOG_RECORD,NO,,Volume title listed in Foundation catalogue; underlying PDF file not published on server root.,
DAF_VOL_19,Dr. Ambedkar Foundation,Writings & Speeches,English Volumes,Dr. Babasaheb Ambedkar: Writings and Speeches Vol. 19,19,,Writings and Speeches Volume,English,1979-2003,https://www.drambedkarwritings.gov.in/content/writings-and-speeches.php,https://www.drambedkarwritings.gov.in/upload/uploadfiles/files/Volume_19.pdf,https://www.drambedkarwritings.gov.in/content/writings-and-speeches.php,CATALOG_ONLY,review_required,CATALOG_RECORD,NO,,Volume title listed in Foundation catalogue; underlying PDF file not published on server root.,
DAF_VOL_20,Dr. Ambedkar Foundation,Writings & Speeches,English Volumes,Dr. Babasaheb Ambedkar: Writings and Speeches Vol. 20,20,,Writings and Speeches Volume,English,1979-2003,https://www.drambedkarwritings.gov.in/content/writings-and-speeches.php,https://www.drambedkarwritings.gov.in/upload/uploadfiles/files/Volume_20.pdf,https://www.drambedkarwritings.gov.in/content/writings-and-speeches.php,CATALOG_ONLY,review_required,CATALOG_RECORD,NO,,Volume title listed in Foundation catalogue; underlying PDF file not published on server root.,
DAF_VOL_21,Dr. Ambedkar Foundation,Writings & Speeches,English Volumes,Dr. Babasaheb Ambedkar: Writings and Speeches Vol. 21,21,,Writings and Speeches Volume,English,1979-2003,https://www.drambedkarwritings.gov.in/content/writings-and-speeches.php,https://www.drambedkarwritings.gov.in/upload/uploadfiles/files/Volume_21.pdf,https://www.drambedkarwritings.gov.in/content/writings-and-speeches.php,CATALOG_ONLY,review_required,CATALOG_RECORD,NO,,Volume title listed in Foundation catalogue; underlying PDF file not published on server root.,
DAF_VOL_22,Dr. Ambedkar Foundation,Writings & Speeches,English Volumes,Dr. Babasaheb Ambedkar: Writings and Speeches Vol. 22,22,,Writings and Speeches Volume,English,1979-2003,https://www.drambedkarwritings.gov.in/content/writings-and-speeches.php,https://www.drambedkarwritings.gov.in/upload/uploadfiles/files/Volume_22.pdf,https://www.drambedkarwritings.gov.in/content/writings-and-speeches.php,CATALOG_ONLY,review_required,CATALOG_RECORD,NO,,Volume title listed in Foundation catalogue; underlying PDF file not published on server root.,
CAD_09_DEC_1946,Constituent Assembly Debates,Constituent Assembly,Volume 1,Constituent Assembly Debate - 09-dec-1946,1,,Constituent Assembly debate transcript,English,09-dec-1946,https://www.constitutionofindia.net/debates/09-dec-1946/,https://www.constitutionofindia.net/debates/09-dec-1946/,https://www.constitutionofindia.net/constituent-assembly-debate/volume-1/,AVAILABLE,public_domain_historical,HTTP_GET,READY,,Downloaded 212403 bytes,
CAD_10_DEC_1946,Constituent Assembly Debates,Constituent Assembly,Volume 1,Constituent Assembly Debate - 10-dec-1946,1,,Constituent Assembly debate transcript,English,10-dec-1946,https://www.constitutionofindia.net/debates/10-dec-1946/,https://www.constitutionofindia.net/debates/10-dec-1946/,https://www.constitutionofindia.net/constituent-assembly-debate/volume-1/,AVAILABLE,public_domain_historical,HTTP_GET,READY,,Downloaded 424307 bytes,
CAD_11_DEC_1946,Constituent Assembly Debates,Constituent Assembly,Volume 1,Constituent Assembly Debate - 11-dec-1946,1,,Constituent Assembly debate transcript,English,11-dec-1946,https://www.constitutionofindia.net/debates/11-dec-1946/,https://www.constitutionofindia.net/debates/11-dec-1946/,https://www.constitutionofindia.net/constituent-assembly-debate/volume-1/,AVAILABLE,public_domain_historical,HTTP_GET,READY,,Downloaded 298757 bytes,
CAD_12_DEC_1946,Constituent Assembly Debates,Constituent Assembly,Volume 1,Constituent Assembly Debate - 12-dec-1946,1,,Constituent Assembly debate transcript,English,12-dec-1946,https://www.constitutionofindia.net/debates/12-dec-1946/,https://www.constitutionofindia.net/debates/12-dec-1946/,https://www.constitutionofindia.net/constituent-assembly-debate/volume-1/,AVAILABLE,public_domain_historical,HTTP_GET,READY,,Downloaded 101509 bytes,
CAD_13_DEC_1946,Constituent Assembly Debates,Constituent Assembly,Volume 1,Constituent Assembly Debate - 13-dec-1946,1,,Constituent Assembly debate transcript,English,13-dec-1946,https://www.constitutionofindia.net/debates/13-dec-1946/,https://www.constitutionofindia.net/debates/13-dec-1946/,https://www.constitutionofindia.net/constituent-assembly-debate/volume-1/,AVAILABLE,public_domain_historical,HTTP_GET,READY,,Downloaded 175186 bytes,
CAD_16_DEC_1946,Constituent Assembly Debates,Constituent Assembly,Volume 1,Constituent Assembly Debate - 16-dec-1946,1,,Constituent Assembly debate transcript,English,16-dec-1946,https://www.constitutionofindia.net/debates/16-dec-1946/,https://www.constitutionofindia.net/debates/16-dec-1946/,https://www.constitutionofindia.net/constituent-assembly-debate/volume-1/,AVAILABLE,public_domain_historical,HTTP_GET,READY,,Downloaded 313420 bytes,
CAD_17_DEC_1946,Constituent Assembly Debates,Constituent Assembly,Volume 1,Constituent Assembly Debate - 17-dec-1946,1,,Constituent Assembly debate transcript,English,17-dec-1946,https://www.constitutionofindia.net/debates/17-dec-1946/,https://www.constitutionofindia.net/debates/17-dec-1946/,https://www.constitutionofindia.net/constituent-assembly-debate/volume-1/,AVAILABLE,public_domain_historical,HTTP_GET,READY,,Downloaded 223534 bytes,
CAD_18_DEC_1946,Constituent Assembly Debates,Constituent Assembly,Volume 1,Constituent Assembly Debate - 18-dec-1946,1,,Constituent Assembly debate transcript,English,18-dec-1946,https://www.constitutionofindia.net/debates/18-dec-1946/,https://www.constitutionofindia.net/debates/18-dec-1946/,https://www.constitutionofindia.net/constituent-assembly-debate/volume-1/,AVAILABLE,public_domain_historical,HTTP_GET,READY,,Downloaded 234806 bytes,
CAD_19_DEC_1946,Constituent Assembly Debates,Constituent Assembly,Volume 1,Constituent Assembly Debate - 19-dec-1946,1,,Constituent Assembly debate transcript,English,19-dec-1946,https://www.constitutionofindia.net/debates/19-dec-1946/,https://www.constitutionofindia.net/debates/19-dec-1946/,https://www.constitutionofindia.net/constituent-assembly-debate/volume-1/,AVAILABLE,public_domain_historical,HTTP_GET,READY,,Downloaded 311922 bytes,
CAD_21_DEC_1946,Constituent Assembly Debates,Constituent Assembly,Volume 1,Constituent Assembly Debate - 21-dec-1946,1,,Constituent Assembly debate transcript,English,21-dec-1946,https://www.constitutionofindia.net/debates/21-dec-1946/,https://www.constitutionofindia.net/debates/21-dec-1946/,https://www.constitutionofindia.net/constituent-assembly-debate/volume-1/,AVAILABLE,public_domain_historical,HTTP_GET,READY,,Downloaded 302771 bytes,
CAD_23_DEC_1946,Constituent Assembly Debates,Constituent Assembly,Volume 1,Constituent Assembly Debate - 23-dec-1946,1,,Constituent Assembly debate transcript,English,23-dec-1946,https://www.constitutionofindia.net/debates/23-dec-1946/,https://www.constitutionofindia.net/debates/23-dec-1946/,https://www.constitutionofindia.net/constituent-assembly-debate/volume-1/,AVAILABLE,public_domain_historical,HTTP_GET,READY,,Downloaded 116740 bytes,
CAD_20_JAN_1947,Constituent Assembly Debates,Constituent Assembly,Volume 2,Constituent Assembly Debate - 20-jan-1947,2,,Constituent Assembly debate transcript,English,20-jan-1947,https://www.constitutionofindia.net/debates/20-jan-1947/,https://www.constitutionofindia.net/debates/20-jan-1947/,https://www.constitutionofindia.net/constituent-assembly-debate/volume-2/,AVAILABLE,public_domain_historical,HTTP_GET,READY,,Downloaded 279342 bytes,
CAD_21_JAN_1947,Constituent Assembly Debates,Constituent Assembly,Volume 2,Constituent Assembly Debate - 21-jan-1947,2,,Constituent Assembly debate transcript,English,21-jan-1947,https://www.constitutionofindia.net/debates/21-jan-1947/,https://www.constitutionofindia.net/debates/21-jan-1947/,https://www.constitutionofindia.net/constituent-assembly-debate/volume-2/,AVAILABLE,public_domain_historical,HTTP_GET,READY,,Downloaded 316891 bytes,
CAD_22_JAN_1947,Constituent Assembly Debates,Constituent Assembly,Volume 2,Constituent Assembly Debate - 22-jan-1947,2,,Constituent Assembly debate transcript,English,22-jan-1947,https://www.constitutionofindia.net/debates/22-jan-1947/,https://www.constitutionofindia.net/debates/22-jan-1947/,https://www.constitutionofindia.net/constituent-assembly-debate/volume-2/,AVAILABLE,public_domain_historical,HTTP_GET,READY,,Downloaded 203457 bytes,
CAD_24_JAN_1947,Constituent Assembly Debates,Constituent Assembly,Volume 2,Constituent Assembly Debate - 24-jan-1947,2,,Constituent Assembly debate transcript,English,24-jan-1947,https://www.constitutionofindia.net/debates/24-jan-1947/,https://www.constitutionofindia.net/debates/24-jan-1947/,https://www.constitutionofindia.net/constituent-assembly-debate/volume-2/,AVAILABLE,public_domain_historical,HTTP_GET,READY,,Downloaded 429192 bytes,
CAD_25_JAN_1947,Constituent Assembly Debates,Constituent Assembly,Volume 2,Constituent Assembly Debate - 25-jan-1947,2,,Constituent Assembly debate transcript,English,25-jan-1947,https://www.constitutionofindia.net/debates/25-jan-1947/,https://www.constitutionofindia.net/debates/25-jan-1947/,https://www.constitutionofindia.net/constituent-assembly-debate/volume-2/,AVAILABLE,public_domain_historical,HTTP_GET,READY,,Downloaded 255434 bytes,
CAD_28_APR_1947,Constituent Assembly Debates,Constituent Assembly,Volume 3,Constituent Assembly Debate - 28-apr-1947,3,,Constituent Assembly debate transcript,English,28-apr-1947,https://www.constitutionofindia.net/debates/28-apr-1947/,https://www.constitutionofindia.net/debates/28-apr-1947/,https://www.constitutionofindia.net/constituent-assembly-debate/volume-3/,AVAILABLE,public_domain_historical,HTTP_GET,READY,,Downloaded 267816 bytes,
CAD_29_APR_1947,Constituent Assembly Debates,Constituent Assembly,Volume 3,Constituent Assembly Debate - 29-apr-1947,3,,Constituent Assembly debate transcript,English,29-apr-1947,https://www.constitutionofindia.net/debates/29-apr-1947/,https://www.constitutionofindia.net/debates/29-apr-1947/,https://www.constitutionofindia.net/constituent-assembly-debate/volume-3/,AVAILABLE,public_domain_historical,HTTP_GET,READY,,Downloaded 651473 bytes,
CAD_30_APR_1947,Constituent Assembly Debates,Constituent Assembly,Volume 3,Constituent Assembly Debate - 30-apr-1947,3,,Constituent Assembly debate transcript,English,30-apr-1947,https://www.constitutionofindia.net/debates/30-apr-1947/,https://www.constitutionofindia.net/debates/30-apr-1947/,https://www.constitutionofindia.net/constituent-assembly-debate/volume-3/,AVAILABLE,public_domain_historical,HTTP_GET,READY,,Downloaded 468540 bytes,
CAD_01_MAY_1947,Constituent Assembly Debates,Constituent Assembly,Volume 3,Constituent Assembly Debate - 01-may-1947,3,,Constituent Assembly debate transcript,English,01-may-1947,https://www.constitutionofindia.net/debates/01-may-1947/,https://www.constitutionofindia.net/debates/01-may-1947/,https://www.constitutionofindia.net/constituent-assembly-debate/volume-3/,AVAILABLE,public_domain_historical,HTTP_GET,READY,,Downloaded 577735 bytes,
CAD_02_MAY_1947,Constituent Assembly Debates,Constituent Assembly,Volume 3,Constituent Assembly Debate - 02-may-1947,3,,Constituent Assembly debate transcript,English,02-may-1947,https://www.constitutionofindia.net/debates/02-may-1947/,https://www.constitutionofindia.net/debates/02-may-1947/,https://www.constitutionofindia.net/constituent-assembly-debate/volume-3/,AVAILABLE,public_domain_historical,HTTP_GET,READY,,Downloaded 418571 bytes,
CAD_14_JUL_1947,Constituent Assembly Debates,Constituent Assembly,Volume 4,Constituent Assembly Debate - 14-jul-1947,4,,Constituent Assembly debate transcript,English,14-jul-1947,https://www.constitutionofindia.net/debates/14-jul-1947/,https://www.constitutionofindia.net/debates/14-jul-1947/,https://www.constitutionofindia.net/constituent-assembly-debate/volume-4/,AVAILABLE,public_domain_historical,HTTP_GET,READY,,Downloaded 427463 bytes,
CAD_15_JUL_1947,Constituent Assembly Debates,Constituent Assembly,Volume 4,Constituent Assembly Debate - 15-jul-1947,4,,Constituent Assembly debate transcript,English,15-jul-1947,https://www.constitutionofindia.net/debates/15-jul-1947/,https://www.constitutionofindia.net/debates/15-jul-1947/,https://www.constitutionofindia.net/constituent-assembly-debate/volume-4/,AVAILABLE,public_domain_historical,HTTP_GET,READY,,Downloaded 546584 bytes,
CAD_16_JUL_1947,Constituent Assembly Debates,Constituent Assembly,Volume 4,Constituent Assembly Debate - 16-jul-1947,4,,Constituent Assembly debate transcript,English,16-jul-1947,https://www.constitutionofindia.net/debates/16-jul-1947/,https://www.constitutionofindia.net/debates/16-jul-1947/,https://www.constitutionofindia.net/constituent-assembly-debate/volume-4/,AVAILABLE,public_domain_historical,HTTP_GET,READY,,Downloaded 439705 bytes,
CAD_17_JUL_1947,Constituent Assembly Debates,Constituent Assembly,Volume 4,Constituent Assembly Debate - 17-jul-1947,4,,Constituent Assembly debate transcript,English,17-jul-1947,https://www.constitutionofindia.net/debates/17-jul-1947/,https://www.constitutionofindia.net/debates/17-jul-1947/,https://www.constitutionofindia.net/constituent-assembly-debate/volume-4/,AVAILABLE,public_domain_historical,HTTP_GET,READY,,Downloaded 399845 bytes,
CAD_18_JUL_1947,Constituent Assembly Debates,Constituent Assembly,Volume 4,Constituent Assembly Debate - 18-jul-1947,4,,Constituent Assembly debate transcript,English,18-jul-1947,https://www.constitutionofindia.net/debates/18-jul-1947/,https://www.constitutionofindia.net/debates/18-jul-1947/,https://www.constitutionofindia.net/constituent-assembly-debate/volume-4/,AVAILABLE,public_domain_historical,HTTP_GET,READY,,Downloaded 429065 bytes,
CAD_21_JUL_1947,Constituent Assembly Debates,Constituent Assembly,Volume 4,Constituent Assembly Debate - 21-jul-1947,4,,Constituent Assembly debate transcript,English,21-jul-1947,https://www.constitutionofindia.net/debates/21-jul-1947/,https://www.constitutionofindia.net/debates/21-jul-1947/,https://www.constitutionofindia.net/constituent-assembly-debate/volume-4/,AVAILABLE,public_domain_historical,HTTP_GET,READY,,Downloaded 520218 bytes,
CAD_22_JUL_1947,Constituent Assembly Debates,Constituent Assembly,Volume 4,Constituent Assembly Debate - 22-jul-1947,4,,Constituent Assembly debate transcript,English,22-jul-1947,https://www.constitutionofindia.net/debates/22-jul-1947/,https://www.constitutionofindia.net/debates/22-jul-1947/,https://www.constitutionofindia.net/constituent-assembly-debate/volume-4/,AVAILABLE,public_domain_historical,HTTP_GET,READY,,Downloaded 350143 bytes,
CAD_23_JUL_1947,Constituent Assembly Debates,Constituent Assembly,Volume 4,Constituent Assembly Debate - 23-jul-1947,4,,Constituent Assembly debate transcript,English,23-jul-1947,https://www.constitutionofindia.net/debates/23-jul-1947/,https://www.constitutionofindia.net/debates/23-jul-1947/,https://www.constitutionofindia.net/constituent-assembly-debate/volume-4/,AVAILABLE,public_domain_historical,HTTP_GET,READY,,Downloaded 386004 bytes,
CAD_24_JUL_1947,Constituent Assembly Debates,Constituent Assembly,Volume 4,Constituent Assembly Debate - 24-jul-1947,4,,Constituent Assembly debate transcript,English,24-jul-1947,https://www.constitutionofindia.net/debates/24-jul-1947/,https://www.constitutionofindia.net/debates/24-jul-1947/,https://www.constitutionofindia.net/constituent-assembly-debate/volume-4/,AVAILABLE,public_domain_historical,HTTP_GET,READY,,Downloaded 510188 bytes,
CAD_25_JUL_1947,Constituent Assembly Debates,Constituent Assembly,Volume 4,Constituent Assembly Debate - 25-jul-1947,4,,Constituent Assembly debate transcript,English,25-jul-1947,https://www.constitutionofindia.net/debates/25-jul-1947/,https://www.constitutionofindia.net/debates/25-jul-1947/,https://www.constitutionofindia.net/constituent-assembly-debate/volume-4/,AVAILABLE,public_domain_historical,HTTP_GET,READY,,Downloaded 457183 bytes,
CAD_28_JUL_1947,Constituent Assembly Debates,Constituent Assembly,Volume 4,Constituent Assembly Debate - 28-jul-1947,4,,Constituent Assembly debate transcript,English,28-jul-1947,https://www.constitutionofindia.net/debates/28-jul-1947/,https://www.constitutionofindia.net/debates/28-jul-1947/,https://www.constitutionofindia.net/constituent-assembly-debate/volume-4/,AVAILABLE,public_domain_historical,HTTP_GET,READY,,Downloaded 471906 bytes,
CAD_29_JULY_1947,Constituent Assembly Debates,Constituent Assembly,Volume 4,Constituent Assembly Debate - 29-july-1947,4,,Constituent Assembly debate transcript,English,29-july-1947,https://www.constitutionofindia.net/debates/29-july-1947/,https://www.constitutionofindia.net/debates/29-july-1947/,https://www.constitutionofindia.net/constituent-assembly-debate/volume-4/,AVAILABLE,public_domain_historical,HTTP_GET,READY,,Downloaded 432855 bytes,
CAD_30_JUL_1947,Constituent Assembly Debates,Constituent Assembly,Volume 4,Constituent Assembly Debate - 30-jul-1947,4,,Constituent Assembly debate transcript,English,30-jul-1947,https://www.constitutionofindia.net/debates/30-jul-1947/,https://www.constitutionofindia.net/debates/30-jul-1947/,https://www.constitutionofindia.net/constituent-assembly-debate/volume-4/,AVAILABLE,public_domain_historical,HTTP_GET,READY,,Downloaded 462468 bytes,
CAD_31_JUL_1947,Constituent Assembly Debates,Constituent Assembly,Volume 4,Constituent Assembly Debate - 31-jul-1947,4,,Constituent Assembly debate transcript,English,31-jul-1947,https://www.constitutionofindia.net/debates/31-jul-1947/,https://www.constitutionofindia.net/debates/31-jul-1947/,https://www.constitutionofindia.net/constituent-assembly-debate/volume-4/,AVAILABLE,public_domain_historical,HTTP_GET,READY,,Downloaded 544682 bytes,
CAD_14_AUG_1947,Constituent Assembly Debates,Constituent Assembly,Volume 5,Constituent Assembly Debate - 14-aug-1947,5,,Constituent Assembly debate transcript,English,14-aug-1947,https://www.constitutionofindia.net/debates/14-aug-1947/,https://www.constitutionofindia.net/debates/14-aug-1947/,https://www.constitutionofindia.net/constituent-assembly-debate/volume-5/,AVAILABLE,public_domain_historical,HTTP_GET,READY,,Downloaded 169454 bytes,
CAD_15_AUG_1947,Constituent Assembly Debates,Constituent Assembly,Volume 5,Constituent Assembly Debate - 15-aug-1947,5,,Constituent Assembly debate transcript,English,15-aug-1947,https://www.constitutionofindia.net/debates/15-aug-1947/,https://www.constitutionofindia.net/debates/15-aug-1947/,https://www.constitutionofindia.net/constituent-assembly-debate/volume-5/,AVAILABLE,public_domain_historical,HTTP_GET,READY,,Downloaded 172665 bytes,
CAD_20_AUG_1947,Constituent Assembly Debates,Constituent Assembly,Volume 5,Constituent Assembly Debate - 20-aug-1947,5,,Constituent Assembly debate transcript,English,20-aug-1947,https://www.constitutionofindia.net/debates/20-aug-1947/,https://www.constitutionofindia.net/debates/20-aug-1947/,https://www.constitutionofindia.net/constituent-assembly-debate/volume-5/,AVAILABLE,public_domain_historical,HTTP_GET,READY,,Downloaded 438906 bytes,
CAD_21_AUG_1947,Constituent Assembly Debates,Constituent Assembly,Volume 5,Constituent Assembly Debate - 21-aug-1947,5,,Constituent Assembly debate transcript,English,21-aug-1947,https://www.constitutionofindia.net/debates/21-aug-1947/,https://www.constitutionofindia.net/debates/21-aug-1947/,https://www.constitutionofindia.net/constituent-assembly-debate/volume-5/,AVAILABLE,public_domain_historical,HTTP_GET,READY,,Downloaded 376850 bytes,
CAD_22_AUG_1947,Constituent Assembly Debates,Constituent Assembly,Volume 5,Constituent Assembly Debate - 22-aug-1947,5,,Constituent Assembly debate transcript,English,22-aug-1947,https://www.constitutionofindia.net/debates/22-aug-1947/,https://www.constitutionofindia.net/debates/22-aug-1947/,https://www.constitutionofindia.net/constituent-assembly-debate/volume-5/,AVAILABLE,public_domain_historical,HTTP_GET,READY,,Downloaded 404705 bytes,
CAD_25_AUG_1947,Constituent Assembly Debates,Constituent Assembly,Volume 5,Constituent Assembly Debate - 25-aug-1947,5,,Constituent Assembly debate transcript,English,25-aug-1947,https://www.constitutionofindia.net/debates/25-aug-1947/,https://www.constitutionofindia.net/debates/25-aug-1947/,https://www.constitutionofindia.net/constituent-assembly-debate/volume-5/,AVAILABLE,public_domain_historical,HTTP_GET,READY,,Downloaded 431744 bytes,
CAD_26_AUG_1947,Constituent Assembly Debates,Constituent Assembly,Volume 5,Constituent Assembly Debate - 26-aug-1947,5,,Constituent Assembly debate transcript,English,26-aug-1947,https://www.constitutionofindia.net/debates/26-aug-1947/,https://www.constitutionofindia.net/debates/26-aug-1947/,https://www.constitutionofindia.net/constituent-assembly-debate/volume-5/,AVAILABLE,public_domain_historical,HTTP_GET,READY,,Downloaded 486814 bytes,
CAD_27_AUG_1947,Constituent Assembly Debates,Constituent Assembly,Volume 5,Constituent Assembly Debate - 27-aug-1947,5,,Constituent Assembly debate transcript,English,27-aug-1947,https://www.constitutionofindia.net/debates/27-aug-1947/,https://www.constitutionofindia.net/debates/27-aug-1947/,https://www.constitutionofindia.net/constituent-assembly-debate/volume-5/,AVAILABLE,public_domain_historical,HTTP_GET,READY,,Downloaded 616207 bytes,
CAD_28_AUG_1947,Constituent Assembly Debates,Constituent Assembly,Volume 5,Constituent Assembly Debate - 28-aug-1947,5,,Constituent Assembly debate transcript,English,28-aug-1947,https://www.constitutionofindia.net/debates/28-aug-1947/,https://www.constitutionofindia.net/debates/28-aug-1947/,https://www.constitutionofindia.net/constituent-assembly-debate/volume-5/,AVAILABLE,public_domain_historical,HTTP_GET,READY,,Downloaded 524545 bytes,
CAD_29_AUG_1947,Constituent Assembly Debates,Constituent Assembly,Volume 5,Constituent Assembly Debate - 29-aug-1947,5,,Constituent Assembly debate transcript,English,29-aug-1947,https://www.constitutionofindia.net/debates/29-aug-1947/,https://www.constitutionofindia.net/debates/29-aug-1947/,https://www.constitutionofindia.net/constituent-assembly-debate/volume-5/,AVAILABLE,public_domain_historical,HTTP_GET,READY,,Downloaded 441974 bytes,
CAD_30_AUG_1947,Constituent Assembly Debates,Constituent Assembly,Volume 5,Constituent Assembly Debate - 30-aug-1947,5,,Constituent Assembly debate transcript,English,30-aug-1947,https://www.constitutionofindia.net/debates/30-aug-1947/,https://www.constitutionofindia.net/debates/30-aug-1947/,https://www.constitutionofindia.net/constituent-assembly-debate/volume-5/,AVAILABLE,public_domain_historical,HTTP_GET,READY,,Downloaded 527656 bytes,
CAD_27_JAN_1948,Constituent Assembly Debates,Constituent Assembly,Volume 6,Constituent Assembly Debate - 27-jan-1948,6,,Constituent Assembly debate transcript,English,27-jan-1948,https://www.constitutionofindia.net/debates/27-jan-1948/,https://www.constitutionofindia.net/debates/27-jan-1948/,https://www.constitutionofindia.net/constituent-assembly-debate/volume-6/,AVAILABLE,public_domain_historical,HTTP_GET,READY,,Downloaded 792265 bytes,
CAD_04_NOV_1948,Constituent Assembly Debates,Constituent Assembly,Volume 7,Constituent Assembly Debate - 04-nov-1948,7,,Constituent Assembly debate transcript,English,04-nov-1948,https://www.constitutionofindia.net/debates/04-nov-1948/,https://www.constitutionofindia.net/debates/04-nov-1948/,https://www.constitutionofindia.net/constituent-assembly-debate/volume-7/,AVAILABLE,public_domain_historical,HTTP_GET,READY,,Downloaded 646813 bytes,
CAD_05_NOV_1948,Constituent Assembly Debates,Constituent Assembly,Volume 7,Constituent Assembly Debate - 05-nov-1948,7,,Constituent Assembly debate transcript,English,05-nov-1948,https://www.constitutionofindia.net/debates/05-nov-1948/,https://www.constitutionofindia.net/debates/05-nov-1948/,https://www.constitutionofindia.net/constituent-assembly-debate/volume-7/,AVAILABLE,public_domain_historical,HTTP_GET,READY,,Downloaded 521282 bytes,
CAD_06_NOV_1948,Constituent Assembly Debates,Constituent Assembly,Volume 7,Constituent Assembly Debate - 06-nov-1948,7,,Constituent Assembly debate transcript,English,06-nov-1948,https://www.constitutionofindia.net/debates/06-nov-1948/,https://www.constitutionofindia.net/debates/06-nov-1948/,https://www.constitutionofindia.net/constituent-assembly-debate/volume-7/,AVAILABLE,public_domain_historical,HTTP_GET,READY,,Downloaded 466206 bytes,
CAD_08_NOV_1948,Constituent Assembly Debates,Constituent Assembly,Volume 7,Constituent Assembly Debate - 08-nov-1948,7,,Constituent Assembly debate transcript,English,08-nov-1948,https://www.constitutionofindia.net/debates/08-nov-1948/,https://www.constitutionofindia.net/debates/08-nov-1948/,https://www.constitutionofindia.net/constituent-assembly-debate/volume-7/,AVAILABLE,public_domain_historical,HTTP_GET,READY,,Downloaded 554902 bytes,
CAD_09_NOV_1948,Constituent Assembly Debates,Constituent Assembly,Volume 7,Constituent Assembly Debate - 09-nov-1948,7,,Constituent Assembly debate transcript,English,09-nov-1948,https://www.constitutionofindia.net/debates/09-nov-1948/,https://www.constitutionofindia.net/debates/09-nov-1948/,https://www.constitutionofindia.net/constituent-assembly-debate/volume-7/,AVAILABLE,public_domain_historical,HTTP_GET,READY,,Downloaded 603561 bytes,
CAD_15_NOV_1948,Constituent Assembly Debates,Constituent Assembly,Volume 7,Constituent Assembly Debate - 15-nov-1948,7,,Constituent Assembly debate transcript,English,15-nov-1948,https://www.constitutionofindia.net/debates/15-nov-1948/,https://www.constitutionofindia.net/debates/15-nov-1948/,https://www.constitutionofindia.net/constituent-assembly-debate/volume-7/,AVAILABLE,public_domain_historical,HTTP_GET,READY,,Downloaded 419339 bytes,
CAD_17_NOV_1948,Constituent Assembly Debates,Constituent Assembly,Volume 7,Constituent Assembly Debate - 17-nov-1948,7,,Constituent Assembly debate transcript,English,17-nov-1948,https://www.constitutionofindia.net/debates/17-nov-1948/,https://www.constitutionofindia.net/debates/17-nov-1948/,https://www.constitutionofindia.net/constituent-assembly-debate/volume-7/,AVAILABLE,public_domain_historical,HTTP_GET,READY,,Downloaded 398904 bytes,
CAD_18_NOV_1948,Constituent Assembly Debates,Constituent Assembly,Volume 7,Constituent Assembly Debate - 18-nov-1948,7,,Constituent Assembly debate transcript,English,18-nov-1948,https://www.constitutionofindia.net/debates/18-nov-1948/,https://www.constitutionofindia.net/debates/18-nov-1948/,https://www.constitutionofindia.net/constituent-assembly-debate/volume-7/,AVAILABLE,public_domain_historical,HTTP_GET,READY,,Downloaded 399669 bytes,
CAD_19_NOV_1948,Constituent Assembly Debates,Constituent Assembly,Volume 7,Constituent Assembly Debate - 19-nov-1948,7,,Constituent Assembly debate transcript,English,19-nov-1948,https://www.constitutionofindia.net/debates/19-nov-1948/,https://www.constitutionofindia.net/debates/19-nov-1948/,https://www.constitutionofindia.net/constituent-assembly-debate/volume-7/,AVAILABLE,public_domain_historical,HTTP_GET,READY,,Downloaded 472161 bytes,
CAD_22_NOV_1948,Constituent Assembly Debates,Constituent Assembly,Volume 7,Constituent Assembly Debate - 22-nov-1948,7,,Constituent Assembly debate transcript,English,22-nov-1948,https://www.constitutionofindia.net/debates/22-nov-1948/,https://www.constitutionofindia.net/debates/22-nov-1948/,https://www.constitutionofindia.net/constituent-assembly-debate/volume-7/,AVAILABLE,public_domain_historical,HTTP_GET,READY,,Downloaded 443102 bytes,
CAD_23_NOV_1948,Constituent Assembly Debates,Constituent Assembly,Volume 7,Constituent Assembly Debate - 23-nov-1948,7,,Constituent Assembly debate transcript,English,23-nov-1948,https://www.constitutionofindia.net/debates/23-nov-1948/,https://www.constitutionofindia.net/debates/23-nov-1948/,https://www.constitutionofindia.net/constituent-assembly-debate/volume-7/,AVAILABLE,public_domain_historical,HTTP_GET,READY,,Downloaded 449319 bytes,
CAD_24_NOV_1948,Constituent Assembly Debates,Constituent Assembly,Volume 7,Constituent Assembly Debate - 24-nov-1948,7,,Constituent Assembly debate transcript,English,24-nov-1948,https://www.constitutionofindia.net/debates/24-nov-1948/,https://www.constitutionofindia.net/debates/24-nov-1948/,https://www.constitutionofindia.net/constituent-assembly-debate/volume-7/,AVAILABLE,public_domain_historical,HTTP_GET,READY,,Downloaded 485437 bytes,
CAD_25_NOV_1948,Constituent Assembly Debates,Constituent Assembly,Volume 7,Constituent Assembly Debate - 25-nov-1948,7,,Constituent Assembly debate transcript,English,25-nov-1948,https://www.constitutionofindia.net/debates/25-nov-1948/,https://www.constitutionofindia.net/debates/25-nov-1948/,https://www.constitutionofindia.net/constituent-assembly-debate/volume-7/,AVAILABLE,public_domain_historical,HTTP_GET,READY,,Downloaded 434518 bytes,
CAD_26_NOV_1948,Constituent Assembly Debates,Constituent Assembly,Volume 7,Constituent Assembly Debate - 26-nov-1948,7,,Constituent Assembly debate transcript,English,26-nov-1948,https://www.constitutionofindia.net/debates/26-nov-1948/,https://www.constitutionofindia.net/debates/26-nov-1948/,https://www.constitutionofindia.net/constituent-assembly-debate/volume-7/,AVAILABLE,public_domain_historical,HTTP_GET,READY,,Downloaded 473559 bytes,
CAD_29_NOV_1948,Constituent Assembly Debates,Constituent Assembly,Volume 7,Constituent Assembly Debate - 29-nov-1948,7,,Constituent Assembly debate transcript,English,29-nov-1948,https://www.constitutionofindia.net/debates/29-nov-1948/,https://www.constitutionofindia.net/debates/29-nov-1948/,https://www.constitutionofindia.net/constituent-assembly-debate/volume-7/,AVAILABLE,public_domain_historical,HTTP_GET,READY,,Downloaded 482257 bytes,
CAD_30_NOV_1948,Constituent Assembly Debates,Constituent Assembly,Volume 7,Constituent Assembly Debate - 30-nov-1948,7,,Constituent Assembly debate transcript,English,30-nov-1948,https://www.constitutionofindia.net/debates/30-nov-1948/,https://www.constitutionofindia.net/debates/30-nov-1948/,https://www.constitutionofindia.net/constituent-assembly-debate/volume-7/,AVAILABLE,public_domain_historical,HTTP_GET,READY,,Downloaded 596611 bytes,
CAD_01_DEC_1948,Constituent Assembly Debates,Constituent Assembly,Volume 7,Constituent Assembly Debate - 01-dec-1948,7,,Constituent Assembly debate transcript,English,01-dec-1948,https://www.constitutionofindia.net/debates/01-dec-1948/,https://www.constitutionofindia.net/debates/01-dec-1948/,https://www.constitutionofindia.net/constituent-assembly-debate/volume-7/,AVAILABLE,public_domain_historical,HTTP_GET,READY,,Downloaded 634355 bytes,
CAD_02_DEC_1948,Constituent Assembly Debates,Constituent Assembly,Volume 7,Constituent Assembly Debate - 02-dec-1948,7,,Constituent Assembly debate transcript,English,02-dec-1948,https://www.constitutionofindia.net/debates/02-dec-1948/,https://www.constitutionofindia.net/debates/02-dec-1948/,https://www.constitutionofindia.net/constituent-assembly-debate/volume-7/,AVAILABLE,public_domain_historical,HTTP_GET,READY,,Downloaded 660863 bytes,
CAD_03_DEC_1948,Constituent Assembly Debates,Constituent Assembly,Volume 7,Constituent Assembly Debate - 03-dec-1948,7,,Constituent Assembly debate transcript,English,03-dec-1948,https://www.constitutionofindia.net/debates/03-dec-1948/,https://www.constitutionofindia.net/debates/03-dec-1948/,https://www.constitutionofindia.net/constituent-assembly-debate/volume-7/,AVAILABLE,public_domain_historical,HTTP_GET,READY,,Downloaded 592012 bytes,
CAD_06_DEC_1948,Constituent Assembly Debates,Constituent Assembly,Volume 7,Constituent Assembly Debate - 06-dec-1948,7,,Constituent Assembly debate transcript,English,06-dec-1948,https://www.constitutionofindia.net/debates/06-dec-1948/,https://www.constitutionofindia.net/debates/06-dec-1948/,https://www.constitutionofindia.net/constituent-assembly-debate/volume-7/,AVAILABLE,public_domain_historical,HTTP_GET,READY,,Downloaded 566693 bytes,
CAD_07_DEC_1948,Constituent Assembly Debates,Constituent Assembly,Volume 7,Constituent Assembly Debate - 07-dec-1948,7,,Constituent Assembly debate transcript,English,07-dec-1948,https://www.constitutionofindia.net/debates/07-dec-1948/,https://www.constitutionofindia.net/debates/07-dec-1948/,https://www.constitutionofindia.net/constituent-assembly-debate/volume-7/,AVAILABLE,public_domain_historical,HTTP_GET,READY,,Downloaded 596638 bytes,
CAD_08_DEC_1948,Constituent Assembly Debates,Constituent Assembly,Volume 7,Constituent Assembly Debate - 08-dec-1948,7,,Constituent Assembly debate transcript,English,08-dec-1948,https://www.constitutionofindia.net/debates/08-dec-1948/,https://www.constitutionofindia.net/debates/08-dec-1948/,https://www.constitutionofindia.net/constituent-assembly-debate/volume-7/,AVAILABLE,public_domain_historical,HTTP_GET,READY,,Downloaded 549424 bytes,
CAD_09_DEC_1948,Constituent Assembly Debates,Constituent Assembly,Volume 7,Constituent Assembly Debate - 09-dec-1948,7,,Constituent Assembly debate transcript,English,09-dec-1948,https://www.constitutionofindia.net/debates/09-dec-1948/,https://www.constitutionofindia.net/debates/09-dec-1948/,https://www.constitutionofindia.net/constituent-assembly-debate/volume-7/,AVAILABLE,public_domain_historical,HTTP_GET,READY,,Downloaded 516160 bytes,
CAD_10_DEC_1948,Constituent Assembly Debates,Constituent Assembly,Volume 7,Constituent Assembly Debate - 10-dec-1948,7,,Constituent Assembly debate transcript,English,10-dec-1948,https://www.constitutionofindia.net/debates/10-dec-1948/,https://www.constitutionofindia.net/debates/10-dec-1948/,https://www.constitutionofindia.net/constituent-assembly-debate/volume-7/,AVAILABLE,public_domain_historical,HTTP_GET,READY,,Downloaded 455107 bytes,
CAD_13_DEC_1948,Constituent Assembly Debates,Constituent Assembly,Volume 7,Constituent Assembly Debate - 13-dec-1948,7,,Constituent Assembly debate transcript,English,13-dec-1948,https://www.constitutionofindia.net/debates/13-dec-1948/,https://www.constitutionofindia.net/debates/13-dec-1948/,https://www.constitutionofindia.net/constituent-assembly-debate/volume-7/,AVAILABLE,public_domain_historical,HTTP_GET,READY,,Downloaded 564541 bytes,
CAD_27_DEC_1948,Constituent Assembly Debates,Constituent Assembly,Volume 7,Constituent Assembly Debate - 27-dec-1948,7,,Constituent Assembly debate transcript,English,27-dec-1948,https://www.constitutionofindia.net/debates/27-dec-1948/,https://www.constitutionofindia.net/debates/27-dec-1948/,https://www.constitutionofindia.net/constituent-assembly-debate/volume-7/,AVAILABLE,public_domain_historical,HTTP_GET,READY,,Downloaded 637626 bytes,
CAD_28_DEC_1948,Constituent Assembly Debates,Constituent Assembly,Volume 7,Constituent Assembly Debate - 28-dec-1948,7,,Constituent Assembly debate transcript,English,28-dec-1948,https://www.constitutionofindia.net/debates/28-dec-1948/,https://www.constitutionofindia.net/debates/28-dec-1948/,https://www.constitutionofindia.net/constituent-assembly-debate/volume-7/,AVAILABLE,public_domain_historical,HTTP_GET,READY,,Downloaded 695466 bytes,
CAD_29_DEC_1948,Constituent Assembly Debates,Constituent Assembly,Volume 7,Constituent Assembly Debate - 29-dec-1948,7,,Constituent Assembly debate transcript,English,29-dec-1948,https://www.constitutionofindia.net/debates/29-dec-1948/,https://www.constitutionofindia.net/debates/29-dec-1948/,https://www.constitutionofindia.net/constituent-assembly-debate/volume-7/,AVAILABLE,public_domain_historical,HTTP_GET,READY,,Downloaded 67250 bytes,
CAD_30_DEC_1948,Constituent Assembly Debates,Constituent Assembly,Volume 7,Constituent Assembly Debate - 30-dec-1948,7,,Constituent Assembly debate transcript,English,30-dec-1948,https://www.constitutionofindia.net/debates/30-dec-1948/,https://www.constitutionofindia.net/debates/30-dec-1948/,https://www.constitutionofindia.net/constituent-assembly-debate/volume-7/,AVAILABLE,public_domain_historical,HTTP_GET,READY,,Downloaded 545070 bytes,
CAD_31_DEC_1948,Constituent Assembly Debates,Constituent Assembly,Volume 7,Constituent Assembly Debate - 31-dec-1948,7,,Constituent Assembly debate transcript,English,31-dec-1948,https://www.constitutionofindia.net/debates/31-dec-1948/,https://www.constitutionofindia.net/debates/31-dec-1948/,https://www.constitutionofindia.net/constituent-assembly-debate/volume-7/,AVAILABLE,public_domain_historical,HTTP_GET,READY,,Downloaded 477469 bytes,
CAD_03_JAN_1949,Constituent Assembly Debates,Constituent Assembly,Volume 7,Constituent Assembly Debate - 03-jan-1949,7,,Constituent Assembly debate transcript,English,03-jan-1949,https://www.constitutionofindia.net/debates/03-jan-1949/,https://www.constitutionofindia.net/debates/03-jan-1949/,https://www.constitutionofindia.net/constituent-assembly-debate/volume-7/,AVAILABLE,public_domain_historical,HTTP_GET,READY,,Downloaded 633233 bytes,
CAD_04_JAN_1949,Constituent Assembly Debates,Constituent Assembly,Volume 7,Constituent Assembly Debate - 04-jan-1949,7,,Constituent Assembly debate transcript,English,04-jan-1949,https://www.constitutionofindia.net/debates/04-jan-1949/,https://www.constitutionofindia.net/debates/04-jan-1949/,https://www.constitutionofindia.net/constituent-assembly-debate/volume-7/,AVAILABLE,public_domain_historical,HTTP_GET,READY,,Downloaded 496528 bytes,
CAD_05_JAN_1949,Constituent Assembly Debates,Constituent Assembly,Volume 7,Constituent Assembly Debate - 05-jan-1949,7,,Constituent Assembly debate transcript,English,05-jan-1949,https://www.constitutionofindia.net/debates/05-jan-1949/,https://www.constitutionofindia.net/debates/05-jan-1949/,https://www.constitutionofindia.net/constituent-assembly-debate/volume-7/,AVAILABLE,public_domain_historical,HTTP_GET,READY,,Downloaded 521622 bytes,
CAD_06_JAN_1949,Constituent Assembly Debates,Constituent Assembly,Volume 7,Constituent Assembly Debate - 06-jan-1949,7,,Constituent Assembly debate transcript,English,06-jan-1949,https://www.constitutionofindia.net/debates/06-jan-1949/,https://www.constitutionofindia.net/debates/06-jan-1949/,https://www.constitutionofindia.net/constituent-assembly-debate/volume-7/,AVAILABLE,public_domain_historical,HTTP_GET,READY,,Downloaded 538780 bytes,
CAD_07_JAN_1949,Constituent Assembly Debates,Constituent Assembly,Volume 7,Constituent Assembly Debate - 07-jan-1949,7,,Constituent Assembly debate transcript,English,07-jan-1949,https://www.constitutionofindia.net/debates/07-jan-1949/,https://www.constitutionofindia.net/debates/07-jan-1949/,https://www.constitutionofindia.net/constituent-assembly-debate/volume-7/,AVAILABLE,public_domain_historical,HTTP_GET,READY,,Downloaded 269430 bytes,
CAD_08_JAN_1949,Constituent Assembly Debates,Constituent Assembly,Volume 7,Constituent Assembly Debate - 08-jan-1949,7,,Constituent Assembly debate transcript,English,08-jan-1949,https://www.constitutionofindia.net/debates/08-jan-1949/,https://www.constitutionofindia.net/debates/08-jan-1949/,https://www.constitutionofindia.net/constituent-assembly-debate/volume-7/,AVAILABLE,public_domain_historical,HTTP_GET,READY,,Downloaded 645333 bytes,
CAD_16_MAY_1949,Constituent Assembly Debates,Constituent Assembly,Volume 8,Constituent Assembly Debate - 16-may-1949,8,,Constituent Assembly debate transcript,English,16-may-1949,https://www.constitutionofindia.net/debates/16-may-1949/,https://www.constitutionofindia.net/debates/16-may-1949/,https://www.constitutionofindia.net/constituent-assembly-debate/volume-8/,AVAILABLE,public_domain_historical,HTTP_GET,READY,,Downloaded 336335 bytes,
CAD_17_MAY_1949,Constituent Assembly Debates,Constituent Assembly,Volume 8,Constituent Assembly Debate - 17-may-1949,8,,Constituent Assembly debate transcript,English,17-may-1949,https://www.constitutionofindia.net/debates/17-may-1949/,https://www.constitutionofindia.net/debates/17-may-1949/,https://www.constitutionofindia.net/constituent-assembly-debate/volume-8/,AVAILABLE,public_domain_historical,HTTP_GET,READY,,Downloaded 466482 bytes,
CAD_18_MAY_1949,Constituent Assembly Debates,Constituent Assembly,Volume 8,Constituent Assembly Debate - 18-may-1949,8,,Constituent Assembly debate transcript,English,18-may-1949,https://www.constitutionofindia.net/debates/18-may-1949/,https://www.constitutionofindia.net/debates/18-may-1949/,https://www.constitutionofindia.net/constituent-assembly-debate/volume-8/,AVAILABLE,public_domain_historical,HTTP_GET,READY,,Downloaded 594498 bytes,
CAD_19_MAY_1949,Constituent Assembly Debates,Constituent Assembly,Volume 8,Constituent Assembly Debate - 19-may-1949,8,,Constituent Assembly debate transcript,English,19-may-1949,https://www.constitutionofindia.net/debates/19-may-1949/,https://www.constitutionofindia.net/debates/19-may-1949/,https://www.constitutionofindia.net/constituent-assembly-debate/volume-8/,AVAILABLE,public_domain_historical,HTTP_GET,READY,,Downloaded 672122 bytes,
CAD_20_MAY_1949,Constituent Assembly Debates,Constituent Assembly,Volume 8,Constituent Assembly Debate - 20-may-1949,8,,Constituent Assembly debate transcript,English,20-may-1949,https://www.constitutionofindia.net/debates/20-may-1949/,https://www.constitutionofindia.net/debates/20-may-1949/,https://www.constitutionofindia.net/constituent-assembly-debate/volume-8/,AVAILABLE,public_domain_historical,HTTP_GET,READY,,Downloaded 524514 bytes,
CAD_23_MAY_1949,Constituent Assembly Debates,Constituent Assembly,Volume 8,Constituent Assembly Debate - 23-may-1949,8,,Constituent Assembly debate transcript,English,23-may-1949,https://www.constitutionofindia.net/debates/23-may-1949/,https://www.constitutionofindia.net/debates/23-may-1949/,https://www.constitutionofindia.net/constituent-assembly-debate/volume-8/,AVAILABLE,public_domain_historical,HTTP_GET,READY,,Downloaded 499676 bytes,
CAD_24_MAY_1949,Constituent Assembly Debates,Constituent Assembly,Volume 8,Constituent Assembly Debate - 24-may-1949,8,,Constituent Assembly debate transcript,English,24-may-1949,https://www.constitutionofindia.net/debates/24-may-1949/,https://www.constitutionofindia.net/debates/24-may-1949/,https://www.constitutionofindia.net/constituent-assembly-debate/volume-8/,AVAILABLE,public_domain_historical,HTTP_GET,READY,,Downloaded 532535 bytes,
CAD_25_MAY_1949,Constituent Assembly Debates,Constituent Assembly,Volume 8,Constituent Assembly Debate - 25-may-1949,8,,Constituent Assembly debate transcript,English,25-may-1949,https://www.constitutionofindia.net/debates/25-may-1949/,https://www.constitutionofindia.net/debates/25-may-1949/,https://www.constitutionofindia.net/constituent-assembly-debate/volume-8/,AVAILABLE,public_domain_historical,HTTP_GET,READY,,Downloaded 500208 bytes,
CAD_26_MAY_1949,Constituent Assembly Debates,Constituent Assembly,Volume 8,Constituent Assembly Debate - 26-may-1949,8,,Constituent Assembly debate transcript,English,26-may-1949,https://www.constitutionofindia.net/debates/26-may-1949/,https://www.constitutionofindia.net/debates/26-may-1949/,https://www.constitutionofindia.net/constituent-assembly-debate/volume-8/,AVAILABLE,public_domain_historical,HTTP_GET,READY,,Downloaded 389469 bytes,
CAD_27_MAY_1949,Constituent Assembly Debates,Constituent Assembly,Volume 8,Constituent Assembly Debate - 27-may-1949,8,,Constituent Assembly debate transcript,English,27-may-1949,https://www.constitutionofindia.net/debates/27-may-1949/,https://www.constitutionofindia.net/debates/27-may-1949/,https://www.constitutionofindia.net/constituent-assembly-debate/volume-8/,AVAILABLE,public_domain_historical,HTTP_GET,READY,,Downloaded 634330 bytes,
CAD_30_MAY_1949,Constituent Assembly Debates,Constituent Assembly,Volume 8,Constituent Assembly Debate - 30-may-1949,8,,Constituent Assembly debate transcript,English,30-may-1949,https://www.constitutionofindia.net/debates/30-may-1949/,https://www.constitutionofindia.net/debates/30-may-1949/,https://www.constitutionofindia.net/constituent-assembly-debate/volume-8/,AVAILABLE,public_domain_historical,HTTP_GET,READY,,Downloaded 554038 bytes,
CAD_31_MAY_1949,Constituent Assembly Debates,Constituent Assembly,Volume 8,Constituent Assembly Debate - 31-may-1949,8,,Constituent Assembly debate transcript,English,31-may-1949,https://www.constitutionofindia.net/debates/31-may-1949/,https://www.constitutionofindia.net/debates/31-may-1949/,https://www.constitutionofindia.net/constituent-assembly-debate/volume-8/,AVAILABLE,public_domain_historical,HTTP_GET,READY,,Downloaded 590288 bytes,
CAD_01_JUN_1949,Constituent Assembly Debates,Constituent Assembly,Volume 8,Constituent Assembly Debate - 01-jun-1949,8,,Constituent Assembly debate transcript,English,01-jun-1949,https://www.constitutionofindia.net/debates/01-jun-1949/,https://www.constitutionofindia.net/debates/01-jun-1949/,https://www.constitutionofindia.net/constituent-assembly-debate/volume-8/,AVAILABLE,public_domain_historical,HTTP_GET,READY,,Downloaded 590776 bytes,
CAD_02_JUN_1949,Constituent Assembly Debates,Constituent Assembly,Volume 8,Constituent Assembly Debate - 02-jun-1949,8,,Constituent Assembly debate transcript,English,02-jun-1949,https://www.constitutionofindia.net/debates/02-jun-1949/,https://www.constitutionofindia.net/debates/02-jun-1949/,https://www.constitutionofindia.net/constituent-assembly-debate/volume-8/,AVAILABLE,public_domain_historical,HTTP_GET,READY,,Downloaded 787471 bytes,
CAD_03_JUN_1949,Constituent Assembly Debates,Constituent Assembly,Volume 8,Constituent Assembly Debate - 03-jun-1949,8,,Constituent Assembly debate transcript,English,03-jun-1949,https://www.constitutionofindia.net/debates/03-jun-1949/,https://www.constitutionofindia.net/debates/03-jun-1949/,https://www.constitutionofindia.net/constituent-assembly-debate/volume-8/,AVAILABLE,public_domain_historical,HTTP_GET,READY,,Downloaded 527216 bytes,
CAD_06_JUN_1949,Constituent Assembly Debates,Constituent Assembly,Volume 8,Constituent Assembly Debate - 06-jun-1949,8,,Constituent Assembly debate transcript,English,06-jun-1949,https://www.constitutionofindia.net/debates/06-jun-1949/,https://www.constitutionofindia.net/debates/06-jun-1949/,https://www.constitutionofindia.net/constituent-assembly-debate/volume-8/,AVAILABLE,public_domain_historical,HTTP_GET,READY,,Downloaded 556506 bytes,
CAD_07_JUN_1949,Constituent Assembly Debates,Constituent Assembly,Volume 8,Constituent Assembly Debate - 07-jun-1949,8,,Constituent Assembly debate transcript,English,07-jun-1949,https://www.constitutionofindia.net/debates/07-jun-1949/,https://www.constitutionofindia.net/debates/07-jun-1949/,https://www.constitutionofindia.net/constituent-assembly-debate/volume-8/,AVAILABLE,public_domain_historical,HTTP_GET,READY,,Downloaded 557882 bytes,
CAD_08_JUN_1949,Constituent Assembly Debates,Constituent Assembly,Volume 8,Constituent Assembly Debate - 08-jun-1949,8,,Constituent Assembly debate transcript,English,08-jun-1949,https://www.constitutionofindia.net/debates/08-jun-1949/,https://www.constitutionofindia.net/debates/08-jun-1949/,https://www.constitutionofindia.net/constituent-assembly-debate/volume-8/,AVAILABLE,public_domain_historical,HTTP_GET,READY,,Downloaded 511393 bytes,
CAD_10_JUN_1949,Constituent Assembly Debates,Constituent Assembly,Volume 8,Constituent Assembly Debate - 10-jun-1949,8,,Constituent Assembly debate transcript,English,10-jun-1949,https://www.constitutionofindia.net/debates/10-jun-1949/,https://www.constitutionofindia.net/debates/10-jun-1949/,https://www.constitutionofindia.net/constituent-assembly-debate/volume-8/,AVAILABLE,public_domain_historical,HTTP_GET,READY,,Downloaded 693979 bytes,
CAD_13_JUN_1949,Constituent Assembly Debates,Constituent Assembly,Volume 8,Constituent Assembly Debate - 13-jun-1949,8,,Constituent Assembly debate transcript,English,13-jun-1949,https://www.constitutionofindia.net/debates/13-jun-1949/,https://www.constitutionofindia.net/debates/13-jun-1949/,https://www.constitutionofindia.net/constituent-assembly-debate/volume-8/,AVAILABLE,public_domain_historical,HTTP_GET,READY,,Downloaded 573338 bytes,
CAD_14_JUN_1949,Constituent Assembly Debates,Constituent Assembly,Volume 8,Constituent Assembly Debate - 14-jun-1949,8,,Constituent Assembly debate transcript,English,14-jun-1949,https://www.constitutionofindia.net/debates/14-jun-1949/,https://www.constitutionofindia.net/debates/14-jun-1949/,https://www.constitutionofindia.net/constituent-assembly-debate/volume-8/,AVAILABLE,public_domain_historical,HTTP_GET,READY,,Downloaded 518880 bytes,
CAD_15_JUN_1949,Constituent Assembly Debates,Constituent Assembly,Volume 8,Constituent Assembly Debate - 15-jun-1949,8,,Constituent Assembly debate transcript,English,15-jun-1949,https://www.constitutionofindia.net/debates/15-jun-1949/,https://www.constitutionofindia.net/debates/15-jun-1949/,https://www.constitutionofindia.net/constituent-assembly-debate/volume-8/,AVAILABLE,public_domain_historical,HTTP_GET,READY,,Downloaded 558789 bytes,
CAD_16_JUN_1949,Constituent Assembly Debates,Constituent Assembly,Volume 8,Constituent Assembly Debate - 16-jun-1949,8,,Constituent Assembly debate transcript,English,16-jun-1949,https://www.constitutionofindia.net/debates/16-jun-1949/,https://www.constitutionofindia.net/debates/16-jun-1949/,https://www.constitutionofindia.net/constituent-assembly-debate/volume-8/,AVAILABLE,public_domain_historical,HTTP_GET,READY,,Downloaded 629739 bytes,
CAD_30_JUL_1949,Constituent Assembly Debates,Constituent Assembly,Volume 9,Constituent Assembly Debate - 30-jul-1949,9,,Constituent Assembly debate transcript,English,30-jul-1949,https://www.constitutionofindia.net/debates/30-jul-1949/,https://www.constitutionofindia.net/debates/30-jul-1949/,https://www.constitutionofindia.net/constituent-assembly-debate/volume-9/,AVAILABLE,public_domain_historical,HTTP_GET,READY,,Downloaded 532097 bytes,
CAD_01_AUG_1949,Constituent Assembly Debates,Constituent Assembly,Volume 9,Constituent Assembly Debate - 01-aug-1949,9,,Constituent Assembly debate transcript,English,01-aug-1949,https://www.constitutionofindia.net/debates/01-aug-1949/,https://www.constitutionofindia.net/debates/01-aug-1949/,https://www.constitutionofindia.net/constituent-assembly-debate/volume-9/,AVAILABLE,public_domain_historical,HTTP_GET,READY,,Downloaded 538513 bytes,
CAD_02_AUG_1949,Constituent Assembly Debates,Constituent Assembly,Volume 9,Constituent Assembly Debate - 02-aug-1949,9,,Constituent Assembly debate transcript,English,02-aug-1949,https://www.constitutionofindia.net/debates/02-aug-1949/,https://www.constitutionofindia.net/debates/02-aug-1949/,https://www.constitutionofindia.net/constituent-assembly-debate/volume-9/,AVAILABLE,public_domain_historical,HTTP_GET,READY,,Downloaded 509789 bytes,
CAD_03_AUG_1949,Constituent Assembly Debates,Constituent Assembly,Volume 9,Constituent Assembly Debate - 03-aug-1949,9,,Constituent Assembly debate transcript,English,03-aug-1949,https://www.constitutionofindia.net/debates/03-aug-1949/,https://www.constitutionofindia.net/debates/03-aug-1949/,https://www.constitutionofindia.net/constituent-assembly-debate/volume-9/,AVAILABLE,public_domain_historical,HTTP_GET,READY,,Downloaded 397231 bytes,
CAD_04_AUG_1949,Constituent Assembly Debates,Constituent Assembly,Volume 9,Constituent Assembly Debate - 04-aug-1949,9,,Constituent Assembly debate transcript,English,04-aug-1949,https://www.constitutionofindia.net/debates/04-aug-1949/,https://www.constitutionofindia.net/debates/04-aug-1949/,https://www.constitutionofindia.net/constituent-assembly-debate/volume-9/,AVAILABLE,public_domain_historical,HTTP_GET,READY,,Downloaded 533257 bytes,
CAD_05_AUG_1949,Constituent Assembly Debates,Constituent Assembly,Volume 9,Constituent Assembly Debate - 05-aug-1949,9,,Constituent Assembly debate transcript,English,05-aug-1949,https://www.constitutionofindia.net/debates/05-aug-1949/,https://www.constitutionofindia.net/debates/05-aug-1949/,https://www.constitutionofindia.net/constituent-assembly-debate/volume-9/,AVAILABLE,public_domain_historical,HTTP_GET,READY,,Downloaded 480046 bytes,
CAD_08_AUG_1949,Constituent Assembly Debates,Constituent Assembly,Volume 9,Constituent Assembly Debate - 08-aug-1949,9,,Constituent Assembly debate transcript,English,08-aug-1949,https://www.constitutionofindia.net/debates/08-aug-1949/,https://www.constitutionofindia.net/debates/08-aug-1949/,https://www.constitutionofindia.net/constituent-assembly-debate/volume-9/,AVAILABLE,public_domain_historical,HTTP_GET,READY,,Downloaded 418045 bytes,
CAD_09_AUG_1949,Constituent Assembly Debates,Constituent Assembly,Volume 9,Constituent Assembly Debate - 09-aug-1949,9,,Constituent Assembly debate transcript,English,09-aug-1949,https://www.constitutionofindia.net/debates/09-aug-1949/,https://www.constitutionofindia.net/debates/09-aug-1949/,https://www.constitutionofindia.net/constituent-assembly-debate/volume-9/,AVAILABLE,public_domain_historical,HTTP_GET,READY,,Downloaded 456253 bytes,
CAD_10_AUG_1949,Constituent Assembly Debates,Constituent Assembly,Volume 9,Constituent Assembly Debate - 10-aug-1949,9,,Constituent Assembly debate transcript,English,10-aug-1949,https://www.constitutionofindia.net/debates/10-aug-1949/,https://www.constitutionofindia.net/debates/10-aug-1949/,https://www.constitutionofindia.net/constituent-assembly-debate/volume-9/,AVAILABLE,public_domain_historical,HTTP_GET,READY,,Downloaded 486375 bytes,
CAD_11_AUG_1949,Constituent Assembly Debates,Constituent Assembly,Volume 9,Constituent Assembly Debate - 11-aug-1949,9,,Constituent Assembly debate transcript,English,11-aug-1949,https://www.constitutionofindia.net/debates/11-aug-1949/,https://www.constitutionofindia.net/debates/11-aug-1949/,https://www.constitutionofindia.net/constituent-assembly-debate/volume-9/,AVAILABLE,public_domain_historical,HTTP_GET,READY,,Downloaded 519915 bytes,
CAD_12_AUG_1949,Constituent Assembly Debates,Constituent Assembly,Volume 9,Constituent Assembly Debate - 12-aug-1949,9,,Constituent Assembly debate transcript,English,12-aug-1949,https://www.constitutionofindia.net/debates/12-aug-1949/,https://www.constitutionofindia.net/debates/12-aug-1949/,https://www.constitutionofindia.net/constituent-assembly-debate/volume-9/,AVAILABLE,public_domain_historical,HTTP_GET,READY,,Downloaded 528304 bytes,
CAD_18_AUG_1949,Constituent Assembly Debates,Constituent Assembly,Volume 9,Constituent Assembly Debate - 18-aug-1949,9,,Constituent Assembly debate transcript,English,18-aug-1949,https://www.constitutionofindia.net/debates/18-aug-1949/,https://www.constitutionofindia.net/debates/18-aug-1949/,https://www.constitutionofindia.net/constituent-assembly-debate/volume-9/,AVAILABLE,public_domain_historical,HTTP_GET,READY,,Downloaded 569058 bytes,
CAD_19_AUG_1949,Constituent Assembly Debates,Constituent Assembly,Volume 9,Constituent Assembly Debate - 19-aug-1949,9,,Constituent Assembly debate transcript,English,19-aug-1949,https://www.constitutionofindia.net/debates/19-aug-1949/,https://www.constitutionofindia.net/debates/19-aug-1949/,https://www.constitutionofindia.net/constituent-assembly-debate/volume-9/,AVAILABLE,public_domain_historical,HTTP_GET,READY,,Downloaded 527707 bytes,
CAD_20_AUG_1949,Constituent Assembly Debates,Constituent Assembly,Volume 9,Constituent Assembly Debate - 20-aug-1949,9,,Constituent Assembly debate transcript,English,20-aug-1949,https://www.constitutionofindia.net/debates/20-aug-1949/,https://www.constitutionofindia.net/debates/20-aug-1949/,https://www.constitutionofindia.net/constituent-assembly-debate/volume-9/,AVAILABLE,public_domain_historical,HTTP_GET,READY,,Downloaded 574067 bytes,
CAD_22_AUG_1949,Constituent Assembly Debates,Constituent Assembly,Volume 9,Constituent Assembly Debate - 22-aug-1949,9,,Constituent Assembly debate transcript,English,22-aug-1949,https://www.constitutionofindia.net/debates/22-aug-1949/,https://www.constitutionofindia.net/debates/22-aug-1949/,https://www.constitutionofindia.net/constituent-assembly-debate/volume-9/,AVAILABLE,public_domain_historical,HTTP_GET,READY,,Downloaded 552281 bytes,
CAD_23_AUG_1949,Constituent Assembly Debates,Constituent Assembly,Volume 9,Constituent Assembly Debate - 23-aug-1949,9,,Constituent Assembly debate transcript,English,23-aug-1949,https://www.constitutionofindia.net/debates/23-aug-1949/,https://www.constitutionofindia.net/debates/23-aug-1949/,https://www.constitutionofindia.net/constituent-assembly-debate/volume-9/,AVAILABLE,public_domain_historical,HTTP_GET,READY,,Downloaded 508209 bytes,
CAD_24_AUG_1949,Constituent Assembly Debates,Constituent Assembly,Volume 9,Constituent Assembly Debate - 24-aug-1949,9,,Constituent Assembly debate transcript,English,24-aug-1949,https://www.constitutionofindia.net/debates/24-aug-1949/,https://www.constitutionofindia.net/debates/24-aug-1949/,https://www.constitutionofindia.net/constituent-assembly-debate/volume-9/,AVAILABLE,public_domain_historical,HTTP_GET,READY,,Downloaded 536055 bytes,
CAD_25_AUG_1949,Constituent Assembly Debates,Constituent Assembly,Volume 9,Constituent Assembly Debate - 25-aug-1949,9,,Constituent Assembly debate transcript,English,25-aug-1949,https://www.constitutionofindia.net/debates/25-aug-1949/,https://www.constitutionofindia.net/debates/25-aug-1949/,https://www.constitutionofindia.net/constituent-assembly-debate/volume-9/,AVAILABLE,public_domain_historical,HTTP_GET,READY,,Downloaded 312015 bytes,
CAD_26_AUG_1949,Constituent Assembly Debates,Constituent Assembly,Volume 9,Constituent Assembly Debate - 26-aug-1949,9,,Constituent Assembly debate transcript,English,26-aug-1949,https://www.constitutionofindia.net/debates/26-aug-1949/,https://www.constitutionofindia.net/debates/26-aug-1949/,https://www.constitutionofindia.net/constituent-assembly-debate/volume-9/,AVAILABLE,public_domain_historical,HTTP_GET,READY,,Downloaded 312444 bytes,
CAD_29_AUG_1949,Constituent Assembly Debates,Constituent Assembly,Volume 9,Constituent Assembly Debate - 29-aug-1949,9,,Constituent Assembly debate transcript,English,29-aug-1949,https://www.constitutionofindia.net/debates/29-aug-1949/,https://www.constitutionofindia.net/debates/29-aug-1949/,https://www.constitutionofindia.net/constituent-assembly-debate/volume-9/,AVAILABLE,public_domain_historical,HTTP_GET,READY,,Downloaded 408754 bytes,
CAD_30_AUG_1949,Constituent Assembly Debates,Constituent Assembly,Volume 9,Constituent Assembly Debate - 30-aug-1949,9,,Constituent Assembly debate transcript,English,30-aug-1949,https://www.constitutionofindia.net/debates/30-aug-1949/,https://www.constitutionofindia.net/debates/30-aug-1949/,https://www.constitutionofindia.net/constituent-assembly-debate/volume-9/,AVAILABLE,public_domain_historical,HTTP_GET,READY,,Downloaded 720001 bytes,
CAD_31_AUG_1949,Constituent Assembly Debates,Constituent Assembly,Volume 9,Constituent Assembly Debate - 31-aug-1949,9,,Constituent Assembly debate transcript,English,31-aug-1949,https://www.constitutionofindia.net/debates/31-aug-1949/,https://www.constitutionofindia.net/debates/31-aug-1949/,https://www.constitutionofindia.net/constituent-assembly-debate/volume-9/,AVAILABLE,public_domain_historical,HTTP_GET,READY,,Downloaded 776014 bytes,
CAD_01_SEP_1949,Constituent Assembly Debates,Constituent Assembly,Volume 9,Constituent Assembly Debate - 01-sep-1949,9,,Constituent Assembly debate transcript,English,01-sep-1949,https://www.constitutionofindia.net/debates/01-sep-1949/,https://www.constitutionofindia.net/debates/01-sep-1949/,https://www.constitutionofindia.net/constituent-assembly-debate/volume-9/,AVAILABLE,public_domain_historical,HTTP_GET,READY,,Downloaded 893901 bytes,
CAD_02_SEP_1949,Constituent Assembly Debates,Constituent Assembly,Volume 9,Constituent Assembly Debate - 02-sep-1949,9,,Constituent Assembly debate transcript,English,02-sep-1949,https://www.constitutionofindia.net/debates/02-sep-1949/,https://www.constitutionofindia.net/debates/02-sep-1949/,https://www.constitutionofindia.net/constituent-assembly-debate/volume-9/,AVAILABLE,public_domain_historical,HTTP_GET,READY,,Downloaded 845521 bytes,
CAD_03_SEP_1949,Constituent Assembly Debates,Constituent Assembly,Volume 9,Constituent Assembly Debate - 03-sep-1949,9,,Constituent Assembly debate transcript,English,03-sep-1949,https://www.constitutionofindia.net/debates/03-sep-1949/,https://www.constitutionofindia.net/debates/03-sep-1949/,https://www.constitutionofindia.net/constituent-assembly-debate/volume-9/,AVAILABLE,public_domain_historical,HTTP_GET,READY,,Downloaded 670507 bytes,
CAD_05_SEP_1949,Constituent Assembly Debates,Constituent Assembly,Volume 9,Constituent Assembly Debate - 05-sep-1949,9,,Constituent Assembly debate transcript,English,05-sep-1949,https://www.constitutionofindia.net/debates/05-sep-1949/,https://www.constitutionofindia.net/debates/05-sep-1949/,https://www.constitutionofindia.net/constituent-assembly-debate/volume-9/,AVAILABLE,public_domain_historical,HTTP_GET,READY,,Downloaded 658298 bytes,
CAD_06_SEP_1949,Constituent Assembly Debates,Constituent Assembly,Volume 9,Constituent Assembly Debate - 06-sep-1949,9,,Constituent Assembly debate transcript,English,06-sep-1949,https://www.constitutionofindia.net/debates/06-sep-1949/,https://www.constitutionofindia.net/debates/06-sep-1949/,https://www.constitutionofindia.net/constituent-assembly-debate/volume-9/,AVAILABLE,public_domain_historical,HTTP_GET,READY,,Downloaded 711790 bytes,
CAD_07_SEP_1949,Constituent Assembly Debates,Constituent Assembly,Volume 9,Constituent Assembly Debate - 07-sep-1949,9,,Constituent Assembly debate transcript,English,07-sep-1949,https://www.constitutionofindia.net/debates/07-sep-1949/,https://www.constitutionofindia.net/debates/07-sep-1949/,https://www.constitutionofindia.net/constituent-assembly-debate/volume-9/,AVAILABLE,public_domain_historical,HTTP_GET,READY,,Downloaded 705961 bytes,
CAD_08_SEP_1949,Constituent Assembly Debates,Constituent Assembly,Volume 9,Constituent Assembly Debate - 08-sep-1949,9,,Constituent Assembly debate transcript,English,08-sep-1949,https://www.constitutionofindia.net/debates/08-sep-1949/,https://www.constitutionofindia.net/debates/08-sep-1949/,https://www.constitutionofindia.net/constituent-assembly-debate/volume-9/,AVAILABLE,public_domain_historical,HTTP_GET,READY,,Downloaded 666271 bytes,
CAD_09_SEP_1949,Constituent Assembly Debates,Constituent Assembly,Volume 9,Constituent Assembly Debate - 09-sep-1949,9,,Constituent Assembly debate transcript,English,09-sep-1949,https://www.constitutionofindia.net/debates/09-sep-1949/,https://www.constitutionofindia.net/debates/09-sep-1949/,https://www.constitutionofindia.net/constituent-assembly-debate/volume-9/,AVAILABLE,public_domain_historical,HTTP_GET,READY,,Downloaded 661340 bytes,
CAD_10_SEP_1949,Constituent Assembly Debates,Constituent Assembly,Volume 9,Constituent Assembly Debate - 10-sep-1949,9,,Constituent Assembly debate transcript,English,10-sep-1949,https://www.constitutionofindia.net/debates/10-sep-1949/,https://www.constitutionofindia.net/debates/10-sep-1949/,https://www.constitutionofindia.net/constituent-assembly-debate/volume-9/,AVAILABLE,public_domain_historical,HTTP_GET,READY,,Downloaded 962742 bytes,
CAD_12_SEP_1949,Constituent Assembly Debates,Constituent Assembly,Volume 9,Constituent Assembly Debate - 12-sep-1949,9,,Constituent Assembly debate transcript,English,12-sep-1949,https://www.constitutionofindia.net/debates/12-sep-1949/,https://www.constitutionofindia.net/debates/12-sep-1949/,https://www.constitutionofindia.net/constituent-assembly-debate/volume-9/,AVAILABLE,public_domain_historical,HTTP_GET,READY,,Downloaded 1042317 bytes,
CAD_13_SEP_1949,Constituent Assembly Debates,Constituent Assembly,Volume 9,Constituent Assembly Debate - 13-sep-1949,9,,Constituent Assembly debate transcript,English,13-sep-1949,https://www.constitutionofindia.net/debates/13-sep-1949/,https://www.constitutionofindia.net/debates/13-sep-1949/,https://www.constitutionofindia.net/constituent-assembly-debate/volume-9/,AVAILABLE,public_domain_historical,HTTP_GET,READY,,Downloaded 997187 bytes,
CAD_14_SEP_1949,Constituent Assembly Debates,Constituent Assembly,Volume 9,Constituent Assembly Debate - 14-sep-1949,9,,Constituent Assembly debate transcript,English,14-sep-1949,https://www.constitutionofindia.net/debates/14-sep-1949/,https://www.constitutionofindia.net/debates/14-sep-1949/,https://www.constitutionofindia.net/constituent-assembly-debate/volume-9/,AVAILABLE,public_domain_historical,HTTP_GET,READY,,Downloaded 998458 bytes,
CAD_15_SEP_1949,Constituent Assembly Debates,Constituent Assembly,Volume 9,Constituent Assembly Debate - 15-sep-1949,9,,Constituent Assembly debate transcript,English,15-sep-1949,https://www.constitutionofindia.net/debates/15-sep-1949/,https://www.constitutionofindia.net/debates/15-sep-1949/,https://www.constitutionofindia.net/constituent-assembly-debate/volume-9/,AVAILABLE,public_domain_historical,HTTP_GET,READY,,Downloaded 592150 bytes,
CAD_16_SEP_1949,Constituent Assembly Debates,Constituent Assembly,Volume 9,Constituent Assembly Debate - 16-sep-1949,9,,Constituent Assembly debate transcript,English,16-sep-1949,https://www.constitutionofindia.net/debates/16-sep-1949/,https://www.constitutionofindia.net/debates/16-sep-1949/,https://www.constitutionofindia.net/constituent-assembly-debate/volume-9/,AVAILABLE,public_domain_historical,HTTP_GET,READY,,Downloaded 758207 bytes,
CAD_17_SEP_1949,Constituent Assembly Debates,Constituent Assembly,Volume 9,Constituent Assembly Debate - 17-sep-1949,9,,Constituent Assembly debate transcript,English,17-sep-1949,https://www.constitutionofindia.net/debates/17-sep-1949/,https://www.constitutionofindia.net/debates/17-sep-1949/,https://www.constitutionofindia.net/constituent-assembly-debate/volume-9/,AVAILABLE,public_domain_historical,HTTP_GET,READY,,Downloaded 1330132 bytes,
CAD_18_SEP_1949,Constituent Assembly Debates,Constituent Assembly,Volume 9,Constituent Assembly Debate - 18-sep-1949,9,,Constituent Assembly debate transcript,English,18-sep-1949,https://www.constitutionofindia.net/debates/18-sep-1949/,https://www.constitutionofindia.net/debates/18-sep-1949/,https://www.constitutionofindia.net/constituent-assembly-debate/volume-9/,AVAILABLE,public_domain_historical,HTTP_GET,READY,,Downloaded 382374 bytes,
CAD_06_OCT_1949,Constituent Assembly Debates,Constituent Assembly,Volume 10,Constituent Assembly Debate - 06-oct-1949,10,,Constituent Assembly debate transcript,English,06-oct-1949,https://www.constitutionofindia.net/debates/06-oct-1949/,https://www.constitutionofindia.net/debates/06-oct-1949/,https://www.constitutionofindia.net/constituent-assembly-debate/volume-10/,AVAILABLE,public_domain_historical,HTTP_GET,READY,,Downloaded 106876 bytes,
CAD_07_OCT_1949,Constituent Assembly Debates,Constituent Assembly,Volume 10,Constituent Assembly Debate - 07-oct-1949,10,,Constituent Assembly debate transcript,English,07-oct-1949,https://www.constitutionofindia.net/debates/07-oct-1949/,https://www.constitutionofindia.net/debates/07-oct-1949/,https://www.constitutionofindia.net/constituent-assembly-debate/volume-10/,AVAILABLE,public_domain_historical,HTTP_GET,READY,,Downloaded 488854 bytes,
CAD_10_OCT_1949,Constituent Assembly Debates,Constituent Assembly,Volume 10,Constituent Assembly Debate - 10-oct-1949,10,,Constituent Assembly debate transcript,English,10-oct-1949,https://www.constitutionofindia.net/debates/10-oct-1949/,https://www.constitutionofindia.net/debates/10-oct-1949/,https://www.constitutionofindia.net/constituent-assembly-debate/volume-10/,AVAILABLE,public_domain_historical,HTTP_GET,READY,,Downloaded 674209 bytes,
CAD_11_OCT_1949,Constituent Assembly Debates,Constituent Assembly,Volume 10,Constituent Assembly Debate - 11-oct-1949,10,,Constituent Assembly debate transcript,English,11-oct-1949,https://www.constitutionofindia.net/debates/11-oct-1949/,https://www.constitutionofindia.net/debates/11-oct-1949/,https://www.constitutionofindia.net/constituent-assembly-debate/volume-10/,AVAILABLE,public_domain_historical,HTTP_GET,READY,,Downloaded 476984 bytes,
CAD_12_OCT_1949,Constituent Assembly Debates,Constituent Assembly,Volume 10,Constituent Assembly Debate - 12-oct-1949,10,,Constituent Assembly debate transcript,English,12-oct-1949,https://www.constitutionofindia.net/debates/12-oct-1949/,https://www.constitutionofindia.net/debates/12-oct-1949/,https://www.constitutionofindia.net/constituent-assembly-debate/volume-10/,AVAILABLE,public_domain_historical,HTTP_GET,READY,,Downloaded 726734 bytes,
CAD_13_OCT_1949,Constituent Assembly Debates,Constituent Assembly,Volume 10,Constituent Assembly Debate - 13-oct-1949,10,,Constituent Assembly debate transcript,English,13-oct-1949,https://www.constitutionofindia.net/debates/13-oct-1949/,https://www.constitutionofindia.net/debates/13-oct-1949/,https://www.constitutionofindia.net/constituent-assembly-debate/volume-10/,AVAILABLE,public_domain_historical,HTTP_GET,READY,,Downloaded 784200 bytes,
CAD_14_OCT_1949,Constituent Assembly Debates,Constituent Assembly,Volume 10,Constituent Assembly Debate - 14-oct-1949,10,,Constituent Assembly debate transcript,English,14-oct-1949,https://www.constitutionofindia.net/debates/14-oct-1949/,https://www.constitutionofindia.net/debates/14-oct-1949/,https://www.constitutionofindia.net/constituent-assembly-debate/volume-10/,AVAILABLE,public_domain_historical,HTTP_GET,READY,,Downloaded 977765 bytes,
CAD_15_OCT_1949,Constituent Assembly Debates,Constituent Assembly,Volume 10,Constituent Assembly Debate - 15-oct-1949,10,,Constituent Assembly debate transcript,English,15-oct-1949,https://www.constitutionofindia.net/debates/15-oct-1949/,https://www.constitutionofindia.net/debates/15-oct-1949/,https://www.constitutionofindia.net/constituent-assembly-debate/volume-10/,AVAILABLE,public_domain_historical,HTTP_GET,READY,,Downloaded 649348 bytes,
CAD_16_OCT_1949,Constituent Assembly Debates,Constituent Assembly,Volume 10,Constituent Assembly Debate - 16-oct-1949,10,,Constituent Assembly debate transcript,English,16-oct-1949,https://www.constitutionofindia.net/debates/16-oct-1949/,https://www.constitutionofindia.net/debates/16-oct-1949/,https://www.constitutionofindia.net/constituent-assembly-debate/volume-10/,AVAILABLE,public_domain_historical,HTTP_GET,READY,,Downloaded 901846 bytes,
CAD_17_OCT_1949,Constituent Assembly Debates,Constituent Assembly,Volume 10,Constituent Assembly Debate - 17-oct-1949,10,,Constituent Assembly debate transcript,English,17-oct-1949,https://www.constitutionofindia.net/debates/17-oct-1949/,https://www.constitutionofindia.net/debates/17-oct-1949/,https://www.constitutionofindia.net/constituent-assembly-debate/volume-10/,AVAILABLE,public_domain_historical,HTTP_GET,READY,,Downloaded 1120357 bytes,
CAD_14_NOV_1949,Constituent Assembly Debates,Constituent Assembly,Volume 11,Constituent Assembly Debate - 14-nov-1949,11,,Constituent Assembly debate transcript,English,14-nov-1949,https://www.constitutionofindia.net/debates/14-nov-1949/,https://www.constitutionofindia.net/debates/14-nov-1949/,https://www.constitutionofindia.net/constituent-assembly-debate/volume-11/,AVAILABLE,public_domain_historical,HTTP_GET,READY,,Downloaded 1422648 bytes,
CAD_15_NOV_1949,Constituent Assembly Debates,Constituent Assembly,Volume 11,Constituent Assembly Debate - 15-nov-1949,11,,Constituent Assembly debate transcript,English,15-nov-1949,https://www.constitutionofindia.net/debates/15-nov-1949/,https://www.constitutionofindia.net/debates/15-nov-1949/,https://www.constitutionofindia.net/constituent-assembly-debate/volume-11/,AVAILABLE,public_domain_historical,HTTP_GET,READY,,Downloaded 913921 bytes,
CAD_16_NOV_1949,Constituent Assembly Debates,Constituent Assembly,Volume 11,Constituent Assembly Debate - 16-nov-1949,11,,Constituent Assembly debate transcript,English,16-nov-1949,https://www.constitutionofindia.net/debates/16-nov-1949/,https://www.constitutionofindia.net/debates/16-nov-1949/,https://www.constitutionofindia.net/constituent-assembly-debate/volume-11/,AVAILABLE,public_domain_historical,HTTP_GET,READY,,Downloaded 982202 bytes,
CAD_17_NOV_1949,Constituent Assembly Debates,Constituent Assembly,Volume 11,Constituent Assembly Debate - 17-nov-1949,11,,Constituent Assembly debate transcript,English,17-nov-1949,https://www.constitutionofindia.net/debates/17-nov-1949/,https://www.constitutionofindia.net/debates/17-nov-1949/,https://www.constitutionofindia.net/constituent-assembly-debate/volume-11/,AVAILABLE,public_domain_historical,HTTP_GET,READY,,Downloaded 425961 bytes,
CAD_18_NOV_1949,Constituent Assembly Debates,Constituent Assembly,Volume 11,Constituent Assembly Debate - 18-nov-1949,11,,Constituent Assembly debate transcript,English,18-nov-1949,https://www.constitutionofindia.net/debates/18-nov-1949/,https://www.constitutionofindia.net/debates/18-nov-1949/,https://www.constitutionofindia.net/constituent-assembly-debate/volume-11/,AVAILABLE,public_domain_historical,HTTP_GET,READY,,Downloaded 499549 bytes,
CAD_19_NOV_1949,Constituent Assembly Debates,Constituent Assembly,Volume 11,Constituent Assembly Debate - 19-nov-1949,11,,Constituent Assembly debate transcript,English,19-nov-1949,https://www.constitutionofindia.net/debates/19-nov-1949/,https://www.constitutionofindia.net/debates/19-nov-1949/,https://www.constitutionofindia.net/constituent-assembly-debate/volume-11/,AVAILABLE,public_domain_historical,HTTP_GET,READY,,Downloaded 387261 bytes,
CAD_21_NOV_1949,Constituent Assembly Debates,Constituent Assembly,Volume 11,Constituent Assembly Debate - 21-nov-1949,11,,Constituent Assembly debate transcript,English,21-nov-1949,https://www.constitutionofindia.net/debates/21-nov-1949/,https://www.constitutionofindia.net/debates/21-nov-1949/,https://www.constitutionofindia.net/constituent-assembly-debate/volume-11/,AVAILABLE,public_domain_historical,HTTP_GET,READY,,Downloaded 582432 bytes,
CAD_22_NOV_1949,Constituent Assembly Debates,Constituent Assembly,Volume 11,Constituent Assembly Debate - 22-nov-1949,11,,Constituent Assembly debate transcript,English,22-nov-1949,https://www.constitutionofindia.net/debates/22-nov-1949/,https://www.constitutionofindia.net/debates/22-nov-1949/,https://www.constitutionofindia.net/constituent-assembly-debate/volume-11/,AVAILABLE,public_domain_historical,HTTP_GET,READY,,Downloaded 555772 bytes,
CAD_23_NOV_1949,Constituent Assembly Debates,Constituent Assembly,Volume 11,Constituent Assembly Debate - 23-nov-1949,11,,Constituent Assembly debate transcript,English,23-nov-1949,https://www.constitutionofindia.net/debates/23-nov-1949/,https://www.constitutionofindia.net/debates/23-nov-1949/,https://www.constitutionofindia.net/constituent-assembly-debate/volume-11/,AVAILABLE,public_domain_historical,HTTP_GET,READY,,Downloaded 523672 bytes,
CAD_24_NOV_1949,Constituent Assembly Debates,Constituent Assembly,Volume 11,Constituent Assembly Debate - 24-nov-1949,11,,Constituent Assembly debate transcript,English,24-nov-1949,https://www.constitutionofindia.net/debates/24-nov-1949/,https://www.constitutionofindia.net/debates/24-nov-1949/,https://www.constitutionofindia.net/constituent-assembly-debate/volume-11/,AVAILABLE,public_domain_historical,HTTP_GET,READY,,Downloaded 594154 bytes,
CAD_25_NOV_1949,Constituent Assembly Debates,Constituent Assembly,Volume 11,Constituent Assembly Debate - 25-nov-1949,11,,Constituent Assembly debate transcript,English,25-nov-1949,https://www.constitutionofindia.net/debates/25-nov-1949/,https://www.constitutionofindia.net/debates/25-nov-1949/,https://www.constitutionofindia.net/constituent-assembly-debate/volume-11/,AVAILABLE,public_domain_historical,HTTP_GET,READY,,Downloaded 755723 bytes,
CAD_26_NOV_1949,Constituent Assembly Debates,Constituent Assembly,Volume 11,Constituent Assembly Debate - 26-nov-1949,11,,Constituent Assembly debate transcript,English,26-nov-1949,https://www.constitutionofindia.net/debates/26-nov-1949/,https://www.constitutionofindia.net/debates/26-nov-1949/,https://www.constitutionofindia.net/constituent-assembly-debate/volume-11/,AVAILABLE,public_domain_historical,HTTP_GET,READY,,Downloaded 208061 bytes,
CAD_24_JAN_1950,Constituent Assembly Debates,Constituent Assembly,Volume 12,Constituent Assembly Debate - 24-jan-1950,12,,Constituent Assembly debate transcript,English,24-jan-1950,https://www.constitutionofindia.net/debates/24-jan-1950/,https://www.constitutionofindia.net/debates/24-jan-1950/,https://www.constitutionofindia.net/constituent-assembly-debate/volume-12/,AVAILABLE,public_domain_historical,HTTP_GET,READY,,Downloaded 164052 bytes,
NAI_AMBEDKAR_PAPERS_01,National Archives of India,Archival Finding Aid,Private Papers,Dr. B. R. Ambedkar Papers (1920-1954) Finding Aid,,,Archival finding aid,English,1920-1954,https://nationalarchives.nic.in/,https://nationalarchives.nic.in/sites/default/files/2026-01/11.Collection%20of%20Private%20Papers%20in%20NAI.pdf,https://nationalarchives.nic.in/,AVAILABLE,review_required,HTTP_GET,NO,,Downloaded finding aid (7497069 bytes),
