priority,inventory_id,source,title,file_url,local_path,document_type,language,status
PRIORITY 2,CAD_09_DEC_1946,Constituent Assembly Debates,Constituent Assembly Debate - 09 Dec 1946,https://www.constitutionofindia.net/debates/09-dec-1946/,C:\Users\devan\Desktop\Dr Ambedkar\data\originals\constituent_assembly\09-dec-1946.html,Constituent Assembly debate transcript,English,ready
PRIORITY 2,CAD_10_DEC_1946,Constituent Assembly Debates,Constituent Assembly Debate - 10 Dec 1946,https://www.constitutionofindia.net/debates/10-dec-1946/,C:\Users\devan\Desktop\Dr Ambedkar\data\originals\constituent_assembly\10-dec-1946.html,Constituent Assembly debate transcript,English,ready
PRIORITY 2,CAD_11_DEC_1946,Constituent Assembly Debates,Constituent Assembly Debate - 11 Dec 1946,https://www.constitutionofindia.net/debates/11-dec-1946/,C:\Users\devan\Desktop\Dr Ambedkar\data\originals\constituent_assembly\11-dec-1946.html,Constituent Assembly debate transcript,English,ready
PRIORITY 2,CAD_12_DEC_1946,Constituent Assembly Debates,Constituent Assembly Debate - 12 Dec 1946,https://www.constitutionofindia.net/debates/12-dec-1946/,C:\Users\devan\Desktop\Dr Ambedkar\data\originals\constituent_assembly\12-dec-1946.html,Constituent Assembly debate transcript,English,ready
PRIORITY 2,CAD_13_DEC_1946,Constituent Assembly Debates,Constituent Assembly Debate - 13 Dec 1946,https://www.constitutionofindia.net/debates/13-dec-1946/,C:\Users\devan\Desktop\Dr Ambedkar\data\originals\constituent_assembly\13-dec-1946.html,Constituent Assembly debate transcript,English,ready
PRIORITY 2,CAD_16_DEC_1946,Constituent Assembly Debates,Constituent Assembly Debate - 16 Dec 1946,https://www.constitutionofindia.net/debates/16-dec-1946/,C:\Users\devan\Desktop\Dr Ambedkar\data\originals\constituent_assembly\16-dec-1946.html,Constituent Assembly debate transcript,English,ready
PRIORITY 2,CAD_17_DEC_1946,Constituent Assembly Debates,Constituent Assembly Debate - 17 Dec 1946,https://www.constitutionofindia.net/debates/17-dec-1946/,C:\Users\devan\Desktop\Dr Ambedkar\data\originals\constituent_assembly\17-dec-1946.html,Constituent Assembly debate transcript,English,ready
PRIORITY 2,CAD_18_DEC_1946,Constituent Assembly Debates,Constituent Assembly Debate - 18 Dec 1946,https://www.constitutionofindia.net/debates/18-dec-1946/,C:\Users\devan\Desktop\Dr Ambedkar\data\originals\constituent_assembly\18-dec-1946.html,Constituent Assembly debate transcript,English,ready
PRIORITY 2,CAD_19_DEC_1946,Constituent Assembly Debates,Constituent Assembly Debate - 19 Dec 1946,https://www.constitutionofindia.net/debates/19-dec-1946/,C:\Users\devan\Desktop\Dr Ambedkar\data\originals\constituent_assembly\19-dec-1946.html,Constituent Assembly debate transcript,English,ready
PRIORITY 2,CAD_21_DEC_1946,Constituent Assembly Debates,Constituent Assembly Debate - 21 Dec 1946,https://www.constitutionofindia.net/debates/21-dec-1946/,C:\Users\devan\Desktop\Dr Ambedkar\data\originals\constituent_assembly\21-dec-1946.html,Constituent Assembly debate transcript,English,ready
PRIORITY 2,CAD_23_DEC_1946,Constituent Assembly Debates,Constituent Assembly Debate - 23 Dec 1946,https://www.constitutionofindia.net/debates/23-dec-1946/,C:\Users\devan\Desktop\Dr Ambedkar\data\originals\constituent_assembly\23-dec-1946.html,Constituent Assembly debate transcript,English,ready
PRIORITY 2,CAD_20_JAN_1947,Constituent Assembly Debates,Constituent Assembly Debate - 20 Jan 1947,https://www.constitutionofindia.net/debates/20-jan-1947/,C:\Users\devan\Desktop\Dr Ambedkar\data\originals\constituent_assembly\20-jan-1947.html,Constituent Assembly debate transcript,English,ready
PRIORITY 2,CAD_21_JAN_1947,Constituent Assembly Debates,Constituent Assembly Debate - 21 Jan 1947,https://www.constitutionofindia.net/debates/21-jan-1947/,C:\Users\devan\Desktop\Dr Ambedkar\data\originals\constituent_assembly\21-jan-1947.html,Constituent Assembly debate transcript,English,ready
PRIORITY 2,CAD_22_JAN_1947,Constituent Assembly Debates,Constituent Assembly Debate - 22 Jan 1947,https://www.constitutionofindia.net/debates/22-jan-1947/,C:\Users\devan\Desktop\Dr Ambedkar\data\originals\constituent_assembly\22-jan-1947.html,Constituent Assembly debate transcript,English,ready
PRIORITY 2,CAD_24_JAN_1947,Constituent Assembly Debates,Constituent Assembly Debate - 24 Jan 1947,https://www.constitutionofindia.net/debates/24-jan-1947/,C:\Users\devan\Desktop\Dr Ambedkar\data\originals\constituent_assembly\24-jan-1947.html,Constituent Assembly debate transcript,English,ready
PRIORITY 2,CAD_25_JAN_1947,Constituent Assembly Debates,Constituent Assembly Debate - 25 Jan 1947,https://www.constitutionofindia.net/debates/25-jan-1947/,C:\Users\devan\Desktop\Dr Ambedkar\data\originals\constituent_assembly\25-jan-1947.html,Constituent Assembly debate transcript,English,ready
PRIORITY 2,CAD_28_APR_1947,Constituent Assembly Debates,Constituent Assembly Debate - 28 Apr 1947,https://www.constitutionofindia.net/debates/28-apr-1947/,C:\Users\devan\Desktop\Dr Ambedkar\data\originals\constituent_assembly\28-apr-1947.html,Constituent Assembly debate transcript,English,ready
PRIORITY 2,CAD_29_APR_1947,Constituent Assembly Debates,Constituent Assembly Debate - 29 Apr 1947,https://www.constitutionofindia.net/debates/29-apr-1947/,C:\Users\devan\Desktop\Dr Ambedkar\data\originals\constituent_assembly\29-apr-1947.html,Constituent Assembly debate transcript,English,ready
PRIORITY 2,CAD_30_APR_1947,Constituent Assembly Debates,Constituent Assembly Debate - 30 Apr 1947,https://www.constitutionofindia.net/debates/30-apr-1947/,C:\Users\devan\Desktop\Dr Ambedkar\data\originals\constituent_assembly\30-apr-1947.html,Constituent Assembly debate transcript,English,ready
PRIORITY 2,CAD_01_MAY_1947,Constituent Assembly Debates,Constituent Assembly Debate - 01 May 1947,https://www.constitutionofindia.net/debates/01-may-1947/,C:\Users\devan\Desktop\Dr Ambedkar\data\originals\constituent_assembly\01-may-1947.html,Constituent Assembly debate transcript,English,ready
PRIORITY 2,CAD_02_MAY_1947,Constituent Assembly Debates,Constituent Assembly Debate - 02 May 1947,https://www.constitutionofindia.net/debates/02-may-1947/,C:\Users\devan\Desktop\Dr Ambedkar\data\originals\constituent_assembly\02-may-1947.html,Constituent Assembly debate transcript,English,ready
PRIORITY 2,CAD_14_JUL_1947,Constituent Assembly Debates,Constituent Assembly Debate - 14 Jul 1947,https://www.constitutionofindia.net/debates/14-jul-1947/,C:\Users\devan\Desktop\Dr Ambedkar\data\originals\constituent_assembly\14-jul-1947.html,Constituent Assembly debate transcript,English,ready
PRIORITY 2,CAD_15_JUL_1947,Constituent Assembly Debates,Constituent Assembly Debate - 15 Jul 1947,https://www.constitutionofindia.net/debates/15-jul-1947/,C:\Users\devan\Desktop\Dr Ambedkar\data\originals\constituent_assembly\15-jul-1947.html,Constituent Assembly debate transcript,English,ready
PRIORITY 2,CAD_16_JUL_1947,Constituent Assembly Debates,Constituent Assembly Debate - 16 Jul 1947,https://www.constitutionofindia.net/debates/16-jul-1947/,C:\Users\devan\Desktop\Dr Ambedkar\data\originals\constituent_assembly\16-jul-1947.html,Constituent Assembly debate transcript,English,ready
PRIORITY 2,CAD_17_JUL_1947,Constituent Assembly Debates,Constituent Assembly Debate - 17 Jul 1947,https://www.constitutionofindia.net/debates/17-jul-1947/,C:\Users\devan\Desktop\Dr Ambedkar\data\originals\constituent_assembly\17-jul-1947.html,Constituent Assembly debate transcript,English,ready
PRIORITY 2,CAD_18_JUL_1947,Constituent Assembly Debates,Constituent Assembly Debate - 18 Jul 1947,https://www.constitutionofindia.net/debates/18-jul-1947/,C:\Users\devan\Desktop\Dr Ambedkar\data\originals\constituent_assembly\18-jul-1947.html,Constituent Assembly debate transcript,English,ready
PRIORITY 2,CAD_21_JUL_1947,Constituent Assembly Debates,Constituent Assembly Debate - 21 Jul 1947,https://www.constitutionofindia.net/debates/21-jul-1947/,C:\Users\devan\Desktop\Dr Ambedkar\data\originals\constituent_assembly\21-jul-1947.html,Constituent Assembly debate transcript,English,ready
PRIORITY 2,CAD_22_JUL_1947,Constituent Assembly Debates,Constituent Assembly Debate - 22 Jul 1947,https://www.constitutionofindia.net/debates/22-jul-1947/,C:\Users\devan\Desktop\Dr Ambedkar\data\originals\constituent_assembly\22-jul-1947.html,Constituent Assembly debate transcript,English,ready
PRIORITY 2,CAD_23_JUL_1947,Constituent Assembly Debates,Constituent Assembly Debate - 23 Jul 1947,https://www.constitutionofindia.net/debates/23-jul-1947/,C:\Users\devan\Desktop\Dr Ambedkar\data\originals\constituent_assembly\23-jul-1947.html,Constituent Assembly debate transcript,English,ready
PRIORITY 2,CAD_24_JUL_1947,Constituent Assembly Debates,Constituent Assembly Debate - 24 Jul 1947,https://www.constitutionofindia.net/debates/24-jul-1947/,C:\Users\devan\Desktop\Dr Ambedkar\data\originals\constituent_assembly\24-jul-1947.html,Constituent Assembly debate transcript,English,ready
PRIORITY 2,CAD_25_JUL_1947,Constituent Assembly Debates,Constituent Assembly Debate - 25 Jul 1947,https://www.constitutionofindia.net/debates/25-jul-1947/,C:\Users\devan\Desktop\Dr Ambedkar\data\originals\constituent_assembly\25-jul-1947.html,Constituent Assembly debate transcript,English,ready
PRIORITY 2,CAD_28_JUL_1947,Constituent Assembly Debates,Constituent Assembly Debate - 28 Jul 1947,https://www.constitutionofindia.net/debates/28-jul-1947/,C:\Users\devan\Desktop\Dr Ambedkar\data\originals\constituent_assembly\28-jul-1947.html,Constituent Assembly debate transcript,English,ready
PRIORITY 2,CAD_29_JULY_1947,Constituent Assembly Debates,Constituent Assembly Debate - 29 July 1947,https://www.constitutionofindia.net/debates/29-july-1947/,C:\Users\devan\Desktop\Dr Ambedkar\data\originals\constituent_assembly\29-july-1947.html,Constituent Assembly debate transcript,English,ready
PRIORITY 2,CAD_30_JUL_1947,Constituent Assembly Debates,Constituent Assembly Debate - 30 Jul 1947,https://www.constitutionofindia.net/debates/30-jul-1947/,C:\Users\devan\Desktop\Dr Ambedkar\data\originals\constituent_assembly\30-jul-1947.html,Constituent Assembly debate transcript,English,ready
PRIORITY 2,CAD_31_JUL_1947,Constituent Assembly Debates,Constituent Assembly Debate - 31 Jul 1947,https://www.constitutionofindia.net/debates/31-jul-1947/,C:\Users\devan\Desktop\Dr Ambedkar\data\originals\constituent_assembly\31-jul-1947.html,Constituent Assembly debate transcript,English,ready
PRIORITY 2,CAD_14_AUG_1947,Constituent Assembly Debates,Constituent Assembly Debate - 14 Aug 1947,https://www.constitutionofindia.net/debates/14-aug-1947/,C:\Users\devan\Desktop\Dr Ambedkar\data\originals\constituent_assembly\14-aug-1947.html,Constituent Assembly debate transcript,English,ready
PRIORITY 2,CAD_15_AUG_1947,Constituent Assembly Debates,Constituent Assembly Debate - 15 Aug 1947,https://www.constitutionofindia.net/debates/15-aug-1947/,C:\Users\devan\Desktop\Dr Ambedkar\data\originals\constituent_assembly\15-aug-1947.html,Constituent Assembly debate transcript,English,ready
PRIORITY 2,CAD_20_AUG_1947,Constituent Assembly Debates,Constituent Assembly Debate - 20 Aug 1947,https://www.constitutionofindia.net/debates/20-aug-1947/,C:\Users\devan\Desktop\Dr Ambedkar\data\originals\constituent_assembly\20-aug-1947.html,Constituent Assembly debate transcript,English,ready
PRIORITY 2,CAD_21_AUG_1947,Constituent Assembly Debates,Constituent Assembly Debate - 21 Aug 1947,https://www.constitutionofindia.net/debates/21-aug-1947/,C:\Users\devan\Desktop\Dr Ambedkar\data\originals\constituent_assembly\21-aug-1947.html,Constituent Assembly debate transcript,English,ready
PRIORITY 2,CAD_22_AUG_1947,Constituent Assembly Debates,Constituent Assembly Debate - 22 Aug 1947,https://www.constitutionofindia.net/debates/22-aug-1947/,C:\Users\devan\Desktop\Dr Ambedkar\data\originals\constituent_assembly\22-aug-1947.html,Constituent Assembly debate transcript,English,ready
PRIORITY 2,CAD_25_AUG_1947,Constituent Assembly Debates,Constituent Assembly Debate - 25 Aug 1947,https://www.constitutionofindia.net/debates/25-aug-1947/,C:\Users\devan\Desktop\Dr Ambedkar\data\originals\constituent_assembly\25-aug-1947.html,Constituent Assembly debate transcript,English,ready
PRIORITY 2,CAD_26_AUG_1947,Constituent Assembly Debates,Constituent Assembly Debate - 26 Aug 1947,https://www.constitutionofindia.net/debates/26-aug-1947/,C:\Users\devan\Desktop\Dr Ambedkar\data\originals\constituent_assembly\26-aug-1947.html,Constituent Assembly debate transcript,English,ready
PRIORITY 2,CAD_27_AUG_1947,Constituent Assembly Debates,Constituent Assembly Debate - 27 Aug 1947,https://www.constitutionofindia.net/debates/27-aug-1947/,C:\Users\devan\Desktop\Dr Ambedkar\data\originals\constituent_assembly\27-aug-1947.html,Constituent Assembly debate transcript,English,ready
PRIORITY 2,CAD_28_AUG_1947,Constituent Assembly Debates,Constituent Assembly Debate - 28 Aug 1947,https://www.constitutionofindia.net/debates/28-aug-1947/,C:\Users\devan\Desktop\Dr Ambedkar\data\originals\constituent_assembly\28-aug-1947.html,Constituent Assembly debate transcript,English,ready
PRIORITY 2,CAD_29_AUG_1947,Constituent Assembly Debates,Constituent Assembly Debate - 29 Aug 1947,https://www.constitutionofindia.net/debates/29-aug-1947/,C:\Users\devan\Desktop\Dr Ambedkar\data\originals\constituent_assembly\29-aug-1947.html,Constituent Assembly debate transcript,English,ready
PRIORITY 2,CAD_30_AUG_1947,Constituent Assembly Debates,Constituent Assembly Debate - 30 Aug 1947,https://www.constitutionofindia.net/debates/30-aug-1947/,C:\Users\devan\Desktop\Dr Ambedkar\data\originals\constituent_assembly\30-aug-1947.html,Constituent Assembly debate transcript,English,ready
PRIORITY 2,CAD_27_JAN_1948,Constituent Assembly Debates,Constituent Assembly Debate - 27 Jan 1948,https://www.constitutionofindia.net/debates/27-jan-1948/,C:\Users\devan\Desktop\Dr Ambedkar\data\originals\constituent_assembly\27-jan-1948.html,Constituent Assembly debate transcript,English,ready
PRIORITY 2,CAD_04_NOV_1948,Constituent Assembly Debates,Constituent Assembly Debate - 04 Nov 1948,https://www.constitutionofindia.net/debates/04-nov-1948/,C:\Users\devan\Desktop\Dr Ambedkar\data\originals\constituent_assembly\04-nov-1948.html,Constituent Assembly debate transcript,English,ready
PRIORITY 2,CAD_05_NOV_1948,Constituent Assembly Debates,Constituent Assembly Debate - 05 Nov 1948,https://www.constitutionofindia.net/debates/05-nov-1948/,C:\Users\devan\Desktop\Dr Ambedkar\data\originals\constituent_assembly\05-nov-1948.html,Constituent Assembly debate transcript,English,ready
PRIORITY 2,CAD_06_NOV_1948,Constituent Assembly Debates,Constituent Assembly Debate - 06 Nov 1948,https://www.constitutionofindia.net/debates/06-nov-1948/,C:\Users\devan\Desktop\Dr Ambedkar\data\originals\constituent_assembly\06-nov-1948.html,Constituent Assembly debate transcript,English,ready
PRIORITY 2,CAD_08_NOV_1948,Constituent Assembly Debates,Constituent Assembly Debate - 08 Nov 1948,https://www.constitutionofindia.net/debates/08-nov-1948/,C:\Users\devan\Desktop\Dr Ambedkar\data\originals\constituent_assembly\08-nov-1948.html,Constituent Assembly debate transcript,English,ready
PRIORITY 2,CAD_09_NOV_1948,Constituent Assembly Debates,Constituent Assembly Debate - 09 Nov 1948,https://www.constitutionofindia.net/debates/09-nov-1948/,C:\Users\devan\Desktop\Dr Ambedkar\data\originals\constituent_assembly\09-nov-1948.html,Constituent Assembly debate transcript,English,ready
PRIORITY 2,CAD_15_NOV_1948,Constituent Assembly Debates,Constituent Assembly Debate - 15 Nov 1948,https://www.constitutionofindia.net/debates/15-nov-1948/,C:\Users\devan\Desktop\Dr Ambedkar\data\originals\constituent_assembly\15-nov-1948.html,Constituent Assembly debate transcript,English,ready
PRIORITY 2,CAD_17_NOV_1948,Constituent Assembly Debates,Constituent Assembly Debate - 17 Nov 1948,https://www.constitutionofindia.net/debates/17-nov-1948/,C:\Users\devan\Desktop\Dr Ambedkar\data\originals\constituent_assembly\17-nov-1948.html,Constituent Assembly debate transcript,English,ready
PRIORITY 2,CAD_18_NOV_1948,Constituent Assembly Debates,Constituent Assembly Debate - 18 Nov 1948,https://www.constitutionofindia.net/debates/18-nov-1948/,C:\Users\devan\Desktop\Dr Ambedkar\data\originals\constituent_assembly\18-nov-1948.html,Constituent Assembly debate transcript,English,ready
PRIORITY 2,CAD_19_NOV_1948,Constituent Assembly Debates,Constituent Assembly Debate - 19 Nov 1948,https://www.constitutionofindia.net/debates/19-nov-1948/,C:\Users\devan\Desktop\Dr Ambedkar\data\originals\constituent_assembly\19-nov-1948.html,Constituent Assembly debate transcript,English,ready
PRIORITY 2,CAD_22_NOV_1948,Constituent Assembly Debates,Constituent Assembly Debate - 22 Nov 1948,https://www.constitutionofindia.net/debates/22-nov-1948/,C:\Users\devan\Desktop\Dr Ambedkar\data\originals\constituent_assembly\22-nov-1948.html,Constituent Assembly debate transcript,English,ready
PRIORITY 2,CAD_23_NOV_1948,Constituent Assembly Debates,Constituent Assembly Debate - 23 Nov 1948,https://www.constitutionofindia.net/debates/23-nov-1948/,C:\Users\devan\Desktop\Dr Ambedkar\data\originals\constituent_assembly\23-nov-1948.html,Constituent Assembly debate transcript,English,ready
PRIORITY 2,CAD_24_NOV_1948,Constituent Assembly Debates,Constituent Assembly Debate - 24 Nov 1948,https://www.constitutionofindia.net/debates/24-nov-1948/,C:\Users\devan\Desktop\Dr Ambedkar\data\originals\constituent_assembly\24-nov-1948.html,Constituent Assembly debate transcript,English,ready
PRIORITY 2,CAD_25_NOV_1948,Constituent Assembly Debates,Constituent Assembly Debate - 25 Nov 1948,https://www.constitutionofindia.net/debates/25-nov-1948/,C:\Users\devan\Desktop\Dr Ambedkar\data\originals\constituent_assembly\25-nov-1948.html,Constituent Assembly debate transcript,English,ready
PRIORITY 2,CAD_26_NOV_1948,Constituent Assembly Debates,Constituent Assembly Debate - 26 Nov 1948,https://www.constitutionofindia.net/debates/26-nov-1948/,C:\Users\devan\Desktop\Dr Ambedkar\data\originals\constituent_assembly\26-nov-1948.html,Constituent Assembly debate transcript,English,ready
PRIORITY 2,CAD_29_NOV_1948,Constituent Assembly Debates,Constituent Assembly Debate - 29 Nov 1948,https://www.constitutionofindia.net/debates/29-nov-1948/,C:\Users\devan\Desktop\Dr Ambedkar\data\originals\constituent_assembly\29-nov-1948.html,Constituent Assembly debate transcript,English,ready
PRIORITY 2,CAD_30_NOV_1948,Constituent Assembly Debates,Constituent Assembly Debate - 30 Nov 1948,https://www.constitutionofindia.net/debates/30-nov-1948/,C:\Users\devan\Desktop\Dr Ambedkar\data\originals\constituent_assembly\30-nov-1948.html,Constituent Assembly debate transcript,English,ready
PRIORITY 2,CAD_01_DEC_1948,Constituent Assembly Debates,Constituent Assembly Debate - 01 Dec 1948,https://www.constitutionofindia.net/debates/01-dec-1948/,C:\Users\devan\Desktop\Dr Ambedkar\data\originals\constituent_assembly\01-dec-1948.html,Constituent Assembly debate transcript,English,ready
PRIORITY 2,CAD_02_DEC_1948,Constituent Assembly Debates,Constituent Assembly Debate - 02 Dec 1948,https://www.constitutionofindia.net/debates/02-dec-1948/,C:\Users\devan\Desktop\Dr Ambedkar\data\originals\constituent_assembly\02-dec-1948.html,Constituent Assembly debate transcript,English,ready
PRIORITY 2,CAD_03_DEC_1948,Constituent Assembly Debates,Constituent Assembly Debate - 03 Dec 1948,https://www.constitutionofindia.net/debates/03-dec-1948/,C:\Users\devan\Desktop\Dr Ambedkar\data\originals\constituent_assembly\03-dec-1948.html,Constituent Assembly debate transcript,English,ready
PRIORITY 2,CAD_06_DEC_1948,Constituent Assembly Debates,Constituent Assembly Debate - 06 Dec 1948,https://www.constitutionofindia.net/debates/06-dec-1948/,C:\Users\devan\Desktop\Dr Ambedkar\data\originals\constituent_assembly\06-dec-1948.html,Constituent Assembly debate transcript,English,ready
PRIORITY 2,CAD_07_DEC_1948,Constituent Assembly Debates,Constituent Assembly Debate - 07 Dec 1948,https://www.constitutionofindia.net/debates/07-dec-1948/,C:\Users\devan\Desktop\Dr Ambedkar\data\originals\constituent_assembly\07-dec-1948.html,Constituent Assembly debate transcript,English,ready
PRIORITY 2,CAD_08_DEC_1948,Constituent Assembly Debates,Constituent Assembly Debate - 08 Dec 1948,https://www.constitutionofindia.net/debates/08-dec-1948/,C:\Users\devan\Desktop\Dr Ambedkar\data\originals\constituent_assembly\08-dec-1948.html,Constituent Assembly debate transcript,English,ready
PRIORITY 2,CAD_09_DEC_1948,Constituent Assembly Debates,Constituent Assembly Debate - 09 Dec 1948,https://www.constitutionofindia.net/debates/09-dec-1948/,C:\Users\devan\Desktop\Dr Ambedkar\data\originals\constituent_assembly\09-dec-1948.html,Constituent Assembly debate transcript,English,ready
PRIORITY 2,CAD_10_DEC_1948,Constituent Assembly Debates,Constituent Assembly Debate - 10 Dec 1948,https://www.constitutionofindia.net/debates/10-dec-1948/,C:\Users\devan\Desktop\Dr Ambedkar\data\originals\constituent_assembly\10-dec-1948.html,Constituent Assembly debate transcript,English,ready
PRIORITY 2,CAD_13_DEC_1948,Constituent Assembly Debates,Constituent Assembly Debate - 13 Dec 1948,https://www.constitutionofindia.net/debates/13-dec-1948/,C:\Users\devan\Desktop\Dr Ambedkar\data\originals\constituent_assembly\13-dec-1948.html,Constituent Assembly debate transcript,English,ready
PRIORITY 2,CAD_27_DEC_1948,Constituent Assembly Debates,Constituent Assembly Debate - 27 Dec 1948,https://www.constitutionofindia.net/debates/27-dec-1948/,C:\Users\devan\Desktop\Dr Ambedkar\data\originals\constituent_assembly\27-dec-1948.html,Constituent Assembly debate transcript,English,ready
PRIORITY 2,CAD_28_DEC_1948,Constituent Assembly Debates,Constituent Assembly Debate - 28 Dec 1948,https://www.constitutionofindia.net/debates/28-dec-1948/,C:\Users\devan\Desktop\Dr Ambedkar\data\originals\constituent_assembly\28-dec-1948.html,Constituent Assembly debate transcript,English,ready
PRIORITY 2,CAD_29_DEC_1948,Constituent Assembly Debates,Constituent Assembly Debate - 29 Dec 1948,https://www.constitutionofindia.net/debates/29-dec-1948/,C:\Users\devan\Desktop\Dr Ambedkar\data\originals\constituent_assembly\29-dec-1948.html,Constituent Assembly debate transcript,English,ready
PRIORITY 2,CAD_30_DEC_1948,Constituent Assembly Debates,Constituent Assembly Debate - 30 Dec 1948,https://www.constitutionofindia.net/debates/30-dec-1948/,C:\Users\devan\Desktop\Dr Ambedkar\data\originals\constituent_assembly\30-dec-1948.html,Constituent Assembly debate transcript,English,ready
PRIORITY 2,CAD_31_DEC_1948,Constituent Assembly Debates,Constituent Assembly Debate - 31 Dec 1948,https://www.constitutionofindia.net/debates/31-dec-1948/,C:\Users\devan\Desktop\Dr Ambedkar\data\originals\constituent_assembly\31-dec-1948.html,Constituent Assembly debate transcript,English,ready
PRIORITY 2,CAD_03_JAN_1949,Constituent Assembly Debates,Constituent Assembly Debate - 03 Jan 1949,https://www.constitutionofindia.net/debates/03-jan-1949/,C:\Users\devan\Desktop\Dr Ambedkar\data\originals\constituent_assembly\03-jan-1949.html,Constituent Assembly debate transcript,English,ready
PRIORITY 2,CAD_04_JAN_1949,Constituent Assembly Debates,Constituent Assembly Debate - 04 Jan 1949,https://www.constitutionofindia.net/debates/04-jan-1949/,C:\Users\devan\Desktop\Dr Ambedkar\data\originals\constituent_assembly\04-jan-1949.html,Constituent Assembly debate transcript,English,ready
PRIORITY 2,CAD_05_JAN_1949,Constituent Assembly Debates,Constituent Assembly Debate - 05 Jan 1949,https://www.constitutionofindia.net/debates/05-jan-1949/,C:\Users\devan\Desktop\Dr Ambedkar\data\originals\constituent_assembly\05-jan-1949.html,Constituent Assembly debate transcript,English,ready
PRIORITY 2,CAD_06_JAN_1949,Constituent Assembly Debates,Constituent Assembly Debate - 06 Jan 1949,https://www.constitutionofindia.net/debates/06-jan-1949/,C:\Users\devan\Desktop\Dr Ambedkar\data\originals\constituent_assembly\06-jan-1949.html,Constituent Assembly debate transcript,English,ready
PRIORITY 2,CAD_07_JAN_1949,Constituent Assembly Debates,Constituent Assembly Debate - 07 Jan 1949,https://www.constitutionofindia.net/debates/07-jan-1949/,C:\Users\devan\Desktop\Dr Ambedkar\data\originals\constituent_assembly\07-jan-1949.html,Constituent Assembly debate transcript,English,ready
PRIORITY 2,CAD_08_JAN_1949,Constituent Assembly Debates,Constituent Assembly Debate - 08 Jan 1949,https://www.constitutionofindia.net/debates/08-jan-1949/,C:\Users\devan\Desktop\Dr Ambedkar\data\originals\constituent_assembly\08-jan-1949.html,Constituent Assembly debate transcript,English,ready
PRIORITY 2,CAD_16_MAY_1949,Constituent Assembly Debates,Constituent Assembly Debate - 16 May 1949,https://www.constitutionofindia.net/debates/16-may-1949/,C:\Users\devan\Desktop\Dr Ambedkar\data\originals\constituent_assembly\16-may-1949.html,Constituent Assembly debate transcript,English,ready
PRIORITY 2,CAD_17_MAY_1949,Constituent Assembly Debates,Constituent Assembly Debate - 17 May 1949,https://www.constitutionofindia.net/debates/17-may-1949/,C:\Users\devan\Desktop\Dr Ambedkar\data\originals\constituent_assembly\17-may-1949.html,Constituent Assembly debate transcript,English,ready
PRIORITY 2,CAD_18_MAY_1949,Constituent Assembly Debates,Constituent Assembly Debate - 18 May 1949,https://www.constitutionofindia.net/debates/18-may-1949/,C:\Users\devan\Desktop\Dr Ambedkar\data\originals\constituent_assembly\18-may-1949.html,Constituent Assembly debate transcript,English,ready
PRIORITY 2,CAD_19_MAY_1949,Constituent Assembly Debates,Constituent Assembly Debate - 19 May 1949,https://www.constitutionofindia.net/debates/19-may-1949/,C:\Users\devan\Desktop\Dr Ambedkar\data\originals\constituent_assembly\19-may-1949.html,Constituent Assembly debate transcript,English,ready
PRIORITY 2,CAD_20_MAY_1949,Constituent Assembly Debates,Constituent Assembly Debate - 20 May 1949,https://www.constitutionofindia.net/debates/20-may-1949/,C:\Users\devan\Desktop\Dr Ambedkar\data\originals\constituent_assembly\20-may-1949.html,Constituent Assembly debate transcript,English,ready
PRIORITY 2,CAD_23_MAY_1949,Constituent Assembly Debates,Constituent Assembly Debate - 23 May 1949,https://www.constitutionofindia.net/debates/23-may-1949/,C:\Users\devan\Desktop\Dr Ambedkar\data\originals\constituent_assembly\23-may-1949.html,Constituent Assembly debate transcript,English,ready
PRIORITY 2,CAD_24_MAY_1949,Constituent Assembly Debates,Constituent Assembly Debate - 24 May 1949,https://www.constitutionofindia.net/debates/24-may-1949/,C:\Users\devan\Desktop\Dr Ambedkar\data\originals\constituent_assembly\24-may-1949.html,Constituent Assembly debate transcript,English,ready
PRIORITY 2,CAD_25_MAY_1949,Constituent Assembly Debates,Constituent Assembly Debate - 25 May 1949,https://www.constitutionofindia.net/debates/25-may-1949/,C:\Users\devan\Desktop\Dr Ambedkar\data\originals\constituent_assembly\25-may-1949.html,Constituent Assembly debate transcript,English,ready
PRIORITY 2,CAD_26_MAY_1949,Constituent Assembly Debates,Constituent Assembly Debate - 26 May 1949,https://www.constitutionofindia.net/debates/26-may-1949/,C:\Users\devan\Desktop\Dr Ambedkar\data\originals\constituent_assembly\26-may-1949.html,Constituent Assembly debate transcript,English,ready
PRIORITY 2,CAD_27_MAY_1949,Constituent Assembly Debates,Constituent Assembly Debate - 27 May 1949,https://www.constitutionofindia.net/debates/27-may-1949/,C:\Users\devan\Desktop\Dr Ambedkar\data\originals\constituent_assembly\27-may-1949.html,Constituent Assembly debate transcript,English,ready
PRIORITY 2,CAD_30_MAY_1949,Constituent Assembly Debates,Constituent Assembly Debate - 30 May 1949,https://www.constitutionofindia.net/debates/30-may-1949/,C:\Users\devan\Desktop\Dr Ambedkar\data\originals\constituent_assembly\30-may-1949.html,Constituent Assembly debate transcript,English,ready
PRIORITY 2,CAD_31_MAY_1949,Constituent Assembly Debates,Constituent Assembly Debate - 31 May 1949,https://www.constitutionofindia.net/debates/31-may-1949/,C:\Users\devan\Desktop\Dr Ambedkar\data\originals\constituent_assembly\31-may-1949.html,Constituent Assembly debate transcript,English,ready
PRIORITY 2,CAD_01_JUN_1949,Constituent Assembly Debates,Constituent Assembly Debate - 01 Jun 1949,https://www.constitutionofindia.net/debates/01-jun-1949/,C:\Users\devan\Desktop\Dr Ambedkar\data\originals\constituent_assembly\01-jun-1949.html,Constituent Assembly debate transcript,English,ready
PRIORITY 2,CAD_02_JUN_1949,Constituent Assembly Debates,Constituent Assembly Debate - 02 Jun 1949,https://www.constitutionofindia.net/debates/02-jun-1949/,C:\Users\devan\Desktop\Dr Ambedkar\data\originals\constituent_assembly\02-jun-1949.html,Constituent Assembly debate transcript,English,ready
PRIORITY 2,CAD_03_JUN_1949,Constituent Assembly Debates,Constituent Assembly Debate - 03 Jun 1949,https://www.constitutionofindia.net/debates/03-jun-1949/,C:\Users\devan\Desktop\Dr Ambedkar\data\originals\constituent_assembly\03-jun-1949.html,Constituent Assembly debate transcript,English,ready
PRIORITY 2,CAD_06_JUN_1949,Constituent Assembly Debates,Constituent Assembly Debate - 06 Jun 1949,https://www.constitutionofindia.net/debates/06-jun-1949/,C:\Users\devan\Desktop\Dr Ambedkar\data\originals\constituent_assembly\06-jun-1949.html,Constituent Assembly debate transcript,English,ready
PRIORITY 2,CAD_07_JUN_1949,Constituent Assembly Debates,Constituent Assembly Debate - 07 Jun 1949,https://www.constitutionofindia.net/debates/07-jun-1949/,C:\Users\devan\Desktop\Dr Ambedkar\data\originals\constituent_assembly\07-jun-1949.html,Constituent Assembly debate transcript,English,ready
PRIORITY 2,CAD_08_JUN_1949,Constituent Assembly Debates,Constituent Assembly Debate - 08 Jun 1949,https://www.constitutionofindia.net/debates/08-jun-1949/,C:\Users\devan\Desktop\Dr Ambedkar\data\originals\constituent_assembly\08-jun-1949.html,Constituent Assembly debate transcript,English,ready
PRIORITY 2,CAD_10_JUN_1949,Constituent Assembly Debates,Constituent Assembly Debate - 10 Jun 1949,https://www.constitutionofindia.net/debates/10-jun-1949/,C:\Users\devan\Desktop\Dr Ambedkar\data\originals\constituent_assembly\10-jun-1949.html,Constituent Assembly debate transcript,English,ready
PRIORITY 2,CAD_13_JUN_1949,Constituent Assembly Debates,Constituent Assembly Debate - 13 Jun 1949,https://www.constitutionofindia.net/debates/13-jun-1949/,C:\Users\devan\Desktop\Dr Ambedkar\data\originals\constituent_assembly\13-jun-1949.html,Constituent Assembly debate transcript,English,ready
PRIORITY 2,CAD_14_JUN_1949,Constituent Assembly Debates,Constituent Assembly Debate - 14 Jun 1949,https://www.constitutionofindia.net/debates/14-jun-1949/,C:\Users\devan\Desktop\Dr Ambedkar\data\originals\constituent_assembly\14-jun-1949.html,Constituent Assembly debate transcript,English,ready
PRIORITY 2,CAD_15_JUN_1949,Constituent Assembly Debates,Constituent Assembly Debate - 15 Jun 1949,https://www.constitutionofindia.net/debates/15-jun-1949/,C:\Users\devan\Desktop\Dr Ambedkar\data\originals\constituent_assembly\15-jun-1949.html,Constituent Assembly debate transcript,English,ready
PRIORITY 2,CAD_16_JUN_1949,Constituent Assembly Debates,Constituent Assembly Debate - 16 Jun 1949,https://www.constitutionofindia.net/debates/16-jun-1949/,C:\Users\devan\Desktop\Dr Ambedkar\data\originals\constituent_assembly\16-jun-1949.html,Constituent Assembly debate transcript,English,ready
PRIORITY 2,CAD_30_JUL_1949,Constituent Assembly Debates,Constituent Assembly Debate - 30 Jul 1949,https://www.constitutionofindia.net/debates/30-jul-1949/,C:\Users\devan\Desktop\Dr Ambedkar\data\originals\constituent_assembly\30-jul-1949.html,Constituent Assembly debate transcript,English,ready
PRIORITY 2,CAD_01_AUG_1949,Constituent Assembly Debates,Constituent Assembly Debate - 01 Aug 1949,https://www.constitutionofindia.net/debates/01-aug-1949/,C:\Users\devan\Desktop\Dr Ambedkar\data\originals\constituent_assembly\01-aug-1949.html,Constituent Assembly debate transcript,English,ready
PRIORITY 2,CAD_02_AUG_1949,Constituent Assembly Debates,Constituent Assembly Debate - 02 Aug 1949,https://www.constitutionofindia.net/debates/02-aug-1949/,C:\Users\devan\Desktop\Dr Ambedkar\data\originals\constituent_assembly\02-aug-1949.html,Constituent Assembly debate transcript,English,ready
PRIORITY 2,CAD_03_AUG_1949,Constituent Assembly Debates,Constituent Assembly Debate - 03 Aug 1949,https://www.constitutionofindia.net/debates/03-aug-1949/,C:\Users\devan\Desktop\Dr Ambedkar\data\originals\constituent_assembly\03-aug-1949.html,Constituent Assembly debate transcript,English,ready
PRIORITY 2,CAD_04_AUG_1949,Constituent Assembly Debates,Constituent Assembly Debate - 04 Aug 1949,https://www.constitutionofindia.net/debates/04-aug-1949/,C:\Users\devan\Desktop\Dr Ambedkar\data\originals\constituent_assembly\04-aug-1949.html,Constituent Assembly debate transcript,English,ready
PRIORITY 2,CAD_05_AUG_1949,Constituent Assembly Debates,Constituent Assembly Debate - 05 Aug 1949,https://www.constitutionofindia.net/debates/05-aug-1949/,C:\Users\devan\Desktop\Dr Ambedkar\data\originals\constituent_assembly\05-aug-1949.html,Constituent Assembly debate transcript,English,ready
PRIORITY 2,CAD_08_AUG_1949,Constituent Assembly Debates,Constituent Assembly Debate - 08 Aug 1949,https://www.constitutionofindia.net/debates/08-aug-1949/,C:\Users\devan\Desktop\Dr Ambedkar\data\originals\constituent_assembly\08-aug-1949.html,Constituent Assembly debate transcript,English,ready
PRIORITY 2,CAD_09_AUG_1949,Constituent Assembly Debates,Constituent Assembly Debate - 09 Aug 1949,https://www.constitutionofindia.net/debates/09-aug-1949/,C:\Users\devan\Desktop\Dr Ambedkar\data\originals\constituent_assembly\09-aug-1949.html,Constituent Assembly debate transcript,English,ready
PRIORITY 2,CAD_10_AUG_1949,Constituent Assembly Debates,Constituent Assembly Debate - 10 Aug 1949,https://www.constitutionofindia.net/debates/10-aug-1949/,C:\Users\devan\Desktop\Dr Ambedkar\data\originals\constituent_assembly\10-aug-1949.html,Constituent Assembly debate transcript,English,ready
PRIORITY 2,CAD_11_AUG_1949,Constituent Assembly Debates,Constituent Assembly Debate - 11 Aug 1949,https://www.constitutionofindia.net/debates/11-aug-1949/,C:\Users\devan\Desktop\Dr Ambedkar\data\originals\constituent_assembly\11-aug-1949.html,Constituent Assembly debate transcript,English,ready
PRIORITY 2,CAD_12_AUG_1949,Constituent Assembly Debates,Constituent Assembly Debate - 12 Aug 1949,https://www.constitutionofindia.net/debates/12-aug-1949/,C:\Users\devan\Desktop\Dr Ambedkar\data\originals\constituent_assembly\12-aug-1949.html,Constituent Assembly debate transcript,English,ready
PRIORITY 2,CAD_18_AUG_1949,Constituent Assembly Debates,Constituent Assembly Debate - 18 Aug 1949,https://www.constitutionofindia.net/debates/18-aug-1949/,C:\Users\devan\Desktop\Dr Ambedkar\data\originals\constituent_assembly\18-aug-1949.html,Constituent Assembly debate transcript,English,ready
PRIORITY 2,CAD_19_AUG_1949,Constituent Assembly Debates,Constituent Assembly Debate - 19 Aug 1949,https://www.constitutionofindia.net/debates/19-aug-1949/,C:\Users\devan\Desktop\Dr Ambedkar\data\originals\constituent_assembly\19-aug-1949.html,Constituent Assembly debate transcript,English,ready
PRIORITY 2,CAD_20_AUG_1949,Constituent Assembly Debates,Constituent Assembly Debate - 20 Aug 1949,https://www.constitutionofindia.net/debates/20-aug-1949/,C:\Users\devan\Desktop\Dr Ambedkar\data\originals\constituent_assembly\20-aug-1949.html,Constituent Assembly debate transcript,English,ready
PRIORITY 2,CAD_22_AUG_1949,Constituent Assembly Debates,Constituent Assembly Debate - 22 Aug 1949,https://www.constitutionofindia.net/debates/22-aug-1949/,C:\Users\devan\Desktop\Dr Ambedkar\data\originals\constituent_assembly\22-aug-1949.html,Constituent Assembly debate transcript,English,ready
PRIORITY 2,CAD_23_AUG_1949,Constituent Assembly Debates,Constituent Assembly Debate - 23 Aug 1949,https://www.constitutionofindia.net/debates/23-aug-1949/,C:\Users\devan\Desktop\Dr Ambedkar\data\originals\constituent_assembly\23-aug-1949.html,Constituent Assembly debate transcript,English,ready
PRIORITY 2,CAD_24_AUG_1949,Constituent Assembly Debates,Constituent Assembly Debate - 24 Aug 1949,https://www.constitutionofindia.net/debates/24-aug-1949/,C:\Users\devan\Desktop\Dr Ambedkar\data\originals\constituent_assembly\24-aug-1949.html,Constituent Assembly debate transcript,English,ready
PRIORITY 2,CAD_25_AUG_1949,Constituent Assembly Debates,Constituent Assembly Debate - 25 Aug 1949,https://www.constitutionofindia.net/debates/25-aug-1949/,C:\Users\devan\Desktop\Dr Ambedkar\data\originals\constituent_assembly\25-aug-1949.html,Constituent Assembly debate transcript,English,ready
PRIORITY 2,CAD_26_AUG_1949,Constituent Assembly Debates,Constituent Assembly Debate - 26 Aug 1949,https://www.constitutionofindia.net/debates/26-aug-1949/,C:\Users\devan\Desktop\Dr Ambedkar\data\originals\constituent_assembly\26-aug-1949.html,Constituent Assembly debate transcript,English,ready
PRIORITY 2,CAD_29_AUG_1949,Constituent Assembly Debates,Constituent Assembly Debate - 29 Aug 1949,https://www.constitutionofindia.net/debates/29-aug-1949/,C:\Users\devan\Desktop\Dr Ambedkar\data\originals\constituent_assembly\29-aug-1949.html,Constituent Assembly debate transcript,English,ready
PRIORITY 2,CAD_30_AUG_1949,Constituent Assembly Debates,Constituent Assembly Debate - 30 Aug 1949,https://www.constitutionofindia.net/debates/30-aug-1949/,C:\Users\devan\Desktop\Dr Ambedkar\data\originals\constituent_assembly\30-aug-1949.html,Constituent Assembly debate transcript,English,ready
PRIORITY 2,CAD_31_AUG_1949,Constituent Assembly Debates,Constituent Assembly Debate - 31 Aug 1949,https://www.constitutionofindia.net/debates/31-aug-1949/,C:\Users\devan\Desktop\Dr Ambedkar\data\originals\constituent_assembly\31-aug-1949.html,Constituent Assembly debate transcript,English,ready
PRIORITY 2,CAD_01_SEP_1949,Constituent Assembly Debates,Constituent Assembly Debate - 01 Sep 1949,https://www.constitutionofindia.net/debates/01-sep-1949/,C:\Users\devan\Desktop\Dr Ambedkar\data\originals\constituent_assembly\01-sep-1949.html,Constituent Assembly debate transcript,English,ready
PRIORITY 2,CAD_02_SEP_1949,Constituent Assembly Debates,Constituent Assembly Debate - 02 Sep 1949,https://www.constitutionofindia.net/debates/02-sep-1949/,C:\Users\devan\Desktop\Dr Ambedkar\data\originals\constituent_assembly\02-sep-1949.html,Constituent Assembly debate transcript,English,ready
PRIORITY 2,CAD_03_SEP_1949,Constituent Assembly Debates,Constituent Assembly Debate - 03 Sep 1949,https://www.constitutionofindia.net/debates/03-sep-1949/,C:\Users\devan\Desktop\Dr Ambedkar\data\originals\constituent_assembly\03-sep-1949.html,Constituent Assembly debate transcript,English,ready
PRIORITY 2,CAD_05_SEP_1949,Constituent Assembly Debates,Constituent Assembly Debate - 05 Sep 1949,https://www.constitutionofindia.net/debates/05-sep-1949/,C:\Users\devan\Desktop\Dr Ambedkar\data\originals\constituent_assembly\05-sep-1949.html,Constituent Assembly debate transcript,English,ready
PRIORITY 2,CAD_06_SEP_1949,Constituent Assembly Debates,Constituent Assembly Debate - 06 Sep 1949,https://www.constitutionofindia.net/debates/06-sep-1949/,C:\Users\devan\Desktop\Dr Ambedkar\data\originals\constituent_assembly\06-sep-1949.html,Constituent Assembly debate transcript,English,ready
PRIORITY 2,CAD_07_SEP_1949,Constituent Assembly Debates,Constituent Assembly Debate - 07 Sep 1949,https://www.constitutionofindia.net/debates/07-sep-1949/,C:\Users\devan\Desktop\Dr Ambedkar\data\originals\constituent_assembly\07-sep-1949.html,Constituent Assembly debate transcript,English,ready
PRIORITY 2,CAD_08_SEP_1949,Constituent Assembly Debates,Constituent Assembly Debate - 08 Sep 1949,https://www.constitutionofindia.net/debates/08-sep-1949/,C:\Users\devan\Desktop\Dr Ambedkar\data\originals\constituent_assembly\08-sep-1949.html,Constituent Assembly debate transcript,English,ready
PRIORITY 2,CAD_09_SEP_1949,Constituent Assembly Debates,Constituent Assembly Debate - 09 Sep 1949,https://www.constitutionofindia.net/debates/09-sep-1949/,C:\Users\devan\Desktop\Dr Ambedkar\data\originals\constituent_assembly\09-sep-1949.html,Constituent Assembly debate transcript,English,ready
PRIORITY 2,CAD_10_SEP_1949,Constituent Assembly Debates,Constituent Assembly Debate - 10 Sep 1949,https://www.constitutionofindia.net/debates/10-sep-1949/,C:\Users\devan\Desktop\Dr Ambedkar\data\originals\constituent_assembly\10-sep-1949.html,Constituent Assembly debate transcript,English,ready
PRIORITY 2,CAD_12_SEP_1949,Constituent Assembly Debates,Constituent Assembly Debate - 12 Sep 1949,https://www.constitutionofindia.net/debates/12-sep-1949/,C:\Users\devan\Desktop\Dr Ambedkar\data\originals\constituent_assembly\12-sep-1949.html,Constituent Assembly debate transcript,English,ready
PRIORITY 2,CAD_13_SEP_1949,Constituent Assembly Debates,Constituent Assembly Debate - 13 Sep 1949,https://www.constitutionofindia.net/debates/13-sep-1949/,C:\Users\devan\Desktop\Dr Ambedkar\data\originals\constituent_assembly\13-sep-1949.html,Constituent Assembly debate transcript,English,ready
PRIORITY 2,CAD_14_SEP_1949,Constituent Assembly Debates,Constituent Assembly Debate - 14 Sep 1949,https://www.constitutionofindia.net/debates/14-sep-1949/,C:\Users\devan\Desktop\Dr Ambedkar\data\originals\constituent_assembly\14-sep-1949.html,Constituent Assembly debate transcript,English,ready
PRIORITY 2,CAD_15_SEP_1949,Constituent Assembly Debates,Constituent Assembly Debate - 15 Sep 1949,https://www.constitutionofindia.net/debates/15-sep-1949/,C:\Users\devan\Desktop\Dr Ambedkar\data\originals\constituent_assembly\15-sep-1949.html,Constituent Assembly debate transcript,English,ready
PRIORITY 2,CAD_16_SEP_1949,Constituent Assembly Debates,Constituent Assembly Debate - 16 Sep 1949,https://www.constitutionofindia.net/debates/16-sep-1949/,C:\Users\devan\Desktop\Dr Ambedkar\data\originals\constituent_assembly\16-sep-1949.html,Constituent Assembly debate transcript,English,ready
PRIORITY 2,CAD_17_SEP_1949,Constituent Assembly Debates,Constituent Assembly Debate - 17 Sep 1949,https://www.constitutionofindia.net/debates/17-sep-1949/,C:\Users\devan\Desktop\Dr Ambedkar\data\originals\constituent_assembly\17-sep-1949.html,Constituent Assembly debate transcript,English,ready
PRIORITY 2,CAD_18_SEP_1949,Constituent Assembly Debates,Constituent Assembly Debate - 18 Sep 1949,https://www.constitutionofindia.net/debates/18-sep-1949/,C:\Users\devan\Desktop\Dr Ambedkar\data\originals\constituent_assembly\18-sep-1949.html,Constituent Assembly debate transcript,English,ready
PRIORITY 2,CAD_06_OCT_1949,Constituent Assembly Debates,Constituent Assembly Debate - 06 Oct 1949,https://www.constitutionofindia.net/debates/06-oct-1949/,C:\Users\devan\Desktop\Dr Ambedkar\data\originals\constituent_assembly\06-oct-1949.html,Constituent Assembly debate transcript,English,ready
PRIORITY 2,CAD_07_OCT_1949,Constituent Assembly Debates,Constituent Assembly Debate - 07 Oct 1949,https://www.constitutionofindia.net/debates/07-oct-1949/,C:\Users\devan\Desktop\Dr Ambedkar\data\originals\constituent_assembly\07-oct-1949.html,Constituent Assembly debate transcript,English,ready
PRIORITY 2,CAD_10_OCT_1949,Constituent Assembly Debates,Constituent Assembly Debate - 10 Oct 1949,https://www.constitutionofindia.net/debates/10-oct-1949/,C:\Users\devan\Desktop\Dr Ambedkar\data\originals\constituent_assembly\10-oct-1949.html,Constituent Assembly debate transcript,English,ready
PRIORITY 2,CAD_11_OCT_1949,Constituent Assembly Debates,Constituent Assembly Debate - 11 Oct 1949,https://www.constitutionofindia.net/debates/11-oct-1949/,C:\Users\devan\Desktop\Dr Ambedkar\data\originals\constituent_assembly\11-oct-1949.html,Constituent Assembly debate transcript,English,ready
PRIORITY 2,CAD_12_OCT_1949,Constituent Assembly Debates,Constituent Assembly Debate - 12 Oct 1949,https://www.constitutionofindia.net/debates/12-oct-1949/,C:\Users\devan\Desktop\Dr Ambedkar\data\originals\constituent_assembly\12-oct-1949.html,Constituent Assembly debate transcript,English,ready
PRIORITY 2,CAD_13_OCT_1949,Constituent Assembly Debates,Constituent Assembly Debate - 13 Oct 1949,https://www.constitutionofindia.net/debates/13-oct-1949/,C:\Users\devan\Desktop\Dr Ambedkar\data\originals\constituent_assembly\13-oct-1949.html,Constituent Assembly debate transcript,English,ready
PRIORITY 2,CAD_14_OCT_1949,Constituent Assembly Debates,Constituent Assembly Debate - 14 Oct 1949,https://www.constitutionofindia.net/debates/14-oct-1949/,C:\Users\devan\Desktop\Dr Ambedkar\data\originals\constituent_assembly\14-oct-1949.html,Constituent Assembly debate transcript,English,ready
PRIORITY 2,CAD_15_OCT_1949,Constituent Assembly Debates,Constituent Assembly Debate - 15 Oct 1949,https://www.constitutionofindia.net/debates/15-oct-1949/,C:\Users\devan\Desktop\Dr Ambedkar\data\originals\constituent_assembly\15-oct-1949.html,Constituent Assembly debate transcript,English,ready
PRIORITY 2,CAD_16_OCT_1949,Constituent Assembly Debates,Constituent Assembly Debate - 16 Oct 1949,https://www.constitutionofindia.net/debates/16-oct-1949/,C:\Users\devan\Desktop\Dr Ambedkar\data\originals\constituent_assembly\16-oct-1949.html,Constituent Assembly debate transcript,English,ready
PRIORITY 2,CAD_17_OCT_1949,Constituent Assembly Debates,Constituent Assembly Debate - 17 Oct 1949,https://www.constitutionofindia.net/debates/17-oct-1949/,C:\Users\devan\Desktop\Dr Ambedkar\data\originals\constituent_assembly\17-oct-1949.html,Constituent Assembly debate transcript,English,ready
PRIORITY 2,CAD_14_NOV_1949,Constituent Assembly Debates,Constituent Assembly Debate - 14 Nov 1949,https://www.constitutionofindia.net/debates/14-nov-1949/,C:\Users\devan\Desktop\Dr Ambedkar\data\originals\constituent_assembly\14-nov-1949.html,Constituent Assembly debate transcript,English,ready
PRIORITY 2,CAD_15_NOV_1949,Constituent Assembly Debates,Constituent Assembly Debate - 15 Nov 1949,https://www.constitutionofindia.net/debates/15-nov-1949/,C:\Users\devan\Desktop\Dr Ambedkar\data\originals\constituent_assembly\15-nov-1949.html,Constituent Assembly debate transcript,English,ready
PRIORITY 2,CAD_16_NOV_1949,Constituent Assembly Debates,Constituent Assembly Debate - 16 Nov 1949,https://www.constitutionofindia.net/debates/16-nov-1949/,C:\Users\devan\Desktop\Dr Ambedkar\data\originals\constituent_assembly\16-nov-1949.html,Constituent Assembly debate transcript,English,ready
PRIORITY 2,CAD_17_NOV_1949,Constituent Assembly Debates,Constituent Assembly Debate - 17 Nov 1949,https://www.constitutionofindia.net/debates/17-nov-1949/,C:\Users\devan\Desktop\Dr Ambedkar\data\originals\constituent_assembly\17-nov-1949.html,Constituent Assembly debate transcript,English,ready
PRIORITY 2,CAD_18_NOV_1949,Constituent Assembly Debates,Constituent Assembly Debate - 18 Nov 1949,https://www.constitutionofindia.net/debates/18-nov-1949/,C:\Users\devan\Desktop\Dr Ambedkar\data\originals\constituent_assembly\18-nov-1949.html,Constituent Assembly debate transcript,English,ready
PRIORITY 2,CAD_19_NOV_1949,Constituent Assembly Debates,Constituent Assembly Debate - 19 Nov 1949,https://www.constitutionofindia.net/debates/19-nov-1949/,C:\Users\devan\Desktop\Dr Ambedkar\data\originals\constituent_assembly\19-nov-1949.html,Constituent Assembly debate transcript,English,ready
PRIORITY 2,CAD_21_NOV_1949,Constituent Assembly Debates,Constituent Assembly Debate - 21 Nov 1949,https://www.constitutionofindia.net/debates/21-nov-1949/,C:\Users\devan\Desktop\Dr Ambedkar\data\originals\constituent_assembly\21-nov-1949.html,Constituent Assembly debate transcript,English,ready
PRIORITY 2,CAD_22_NOV_1949,Constituent Assembly Debates,Constituent Assembly Debate - 22 Nov 1949,https://www.constitutionofindia.net/debates/22-nov-1949/,C:\Users\devan\Desktop\Dr Ambedkar\data\originals\constituent_assembly\22-nov-1949.html,Constituent Assembly debate transcript,English,ready
PRIORITY 2,CAD_23_NOV_1949,Constituent Assembly Debates,Constituent Assembly Debate - 23 Nov 1949,https://www.constitutionofindia.net/debates/23-nov-1949/,C:\Users\devan\Desktop\Dr Ambedkar\data\originals\constituent_assembly\23-nov-1949.html,Constituent Assembly debate transcript,English,ready
PRIORITY 2,CAD_24_NOV_1949,Constituent Assembly Debates,Constituent Assembly Debate - 24 Nov 1949,https://www.constitutionofindia.net/debates/24-nov-1949/,C:\Users\devan\Desktop\Dr Ambedkar\data\originals\constituent_assembly\24-nov-1949.html,Constituent Assembly debate transcript,English,ready
PRIORITY 2,CAD_25_NOV_1949,Constituent Assembly Debates,Constituent Assembly Debate - 25 Nov 1949,https://www.constitutionofindia.net/debates/25-nov-1949/,C:\Users\devan\Desktop\Dr Ambedkar\data\originals\constituent_assembly\25-nov-1949.html,Constituent Assembly debate transcript,English,ready
PRIORITY 2,CAD_26_NOV_1949,Constituent Assembly Debates,Constituent Assembly Debate - 26 Nov 1949,https://www.constitutionofindia.net/debates/26-nov-1949/,C:\Users\devan\Desktop\Dr Ambedkar\data\originals\constituent_assembly\26-nov-1949.html,Constituent Assembly debate transcript,English,ready
PRIORITY 2,CAD_24_JAN_1950,Constituent Assembly Debates,Constituent Assembly Debate - 24 Jan 1950,https://www.constitutionofindia.net/debates/24-jan-1950/,C:\Users\devan\Desktop\Dr Ambedkar\data\originals\constituent_assembly\24-jan-1950.html,Constituent Assembly debate transcript,English,ready
PRIORITY 3,NAI_AMBEDKAR_PAPERS_01,National Archives of India,NAI Collection of Private Papers - Ambedkar Papers Finding Aid,https://nationalarchives.nic.in/sites/default/files/2026-01/11.Collection%20of%20Private%20Papers%20in%20NAI.pdf,C:\Users\devan\Desktop\Dr Ambedkar\data\originals\national_archives\11.Collection_of_Private_Papers_in_NAI.pdf,Archival finding aid,English,ready
